id,name,latitude,longitude,locality,state,country
USC00352997 , FOREST GROVE , 45.5247 , -123.1025 , Forest Grove , OR , United States
USC00353038 , FOSSIL , 44.9983 , -120.2175 , Fossil , OR , United States
USC00353356 , GOLD BEACH RS , 42.4036 , -124.4242 , Gold Beach , OR , United States
USC00353402 , GOVERNMENT CAMP , 45.3014 , -121.7417 , Government Camp , OR , United States
USC00353445 , GRANTS PASS , 42.4244 , -123.3236 , Grants Pass , OR , United States
USC00353542 , GRIZZLY , 44.5175 , -120.9389 , Madras , OR , United States
USC00353604 , HALFWAY , 44.8772 , -117.1094 , Halfway , OR , United States
USC00353692 , HART MTN REFUGE , 42.5483 , -119.6556 ,  , OR , United States
USC00353770 , HEADWORKS PORTLAND WTR , 45.4486 , -122.1547 , Sandy , OR , United States
USC00353827 , HEPPNER , 45.3653 , -119.5639 , Heppner , OR , United States
USC00353847 , HERMISTON 1 SE , 45.8289 , -119.2636 , Hermiston , OR , United States
USC00354003 , HOOD RIVER EXP STN , 45.6847 , -121.5175 , Hood River , OR , United States
USC00354098 , HUNTINGTON , 44.3564 , -117.255 , Huntington , OR , United States
USC00354291 , JOHN DAY , 44.4233 , -118.9594 , John Day , OR , United States
USC00354811 , LEABURG 1 SW , 44.1014 , -122.6886 , Springfield , OR , United States
USC00355050 , LOOKOUT POINT DAM , 43.9144 , -122.76 , Lowell , OR , United States
USC00355139 , MADRAS , 44.6167 , -121.0011 , Madras , OR , United States
USC00355142 , MADRAS 2 N , 44.6633 , -121.1461 , Madras , OR , United States
USC00355160 , MALHEUR BRANCH EXP STN , 43.9794 , -117.0247 , Ontario , OR , United States
USC00355162 , MALHEUR REFUGE HQ , 43.265 , -118.8447 , Princeton , OR , United States
USC00355221 , MARION FRKS FISH HATCH , 44.6125 , -121.9486 ,  , OR , United States
USC00355362 , MCKENZIE BRG RS , 44.1792 , -122.1164 ,  , OR , United States
USC00355593 , MILTON FREEWATER , 45.9428 , -118.4089 , Milton-Freewater , OR , United States
USC00355734 , MORO , 45.4825 , -120.7236 , Moro , OR , United States
USC00356179 , NYSSA , 43.8764 , -116.9903 , Nyssa , OR , United States
USC00356213 , OAKRIDGE FISH HATCHERY , 43.7428 , -122.4433 , Oakridge , OR , United States
USC00356243 , OCHOCO RS , 44.3964 , -120.4264 , Prineville , OR , United States
USC00356294 , ONTARIO KSRV , 44.0439 , -116.9717 , Ontario , OR , United States
USC00356334 , OREGON CITY , 45.3558 , -122.6047 , Oregon City , OR , United States
USC00356366 , OTIS 2 NE , 45.0333 , -123.9239 , Otis , OR , United States
USC00356405 , OWYHEE DAM , 43.65 , -117.2467 , Nyssa , OR , United States
USC00356426 , PAISLEY , 42.6922 , -120.5403 , Paisley , OR , United States
USC00356532 , PELTON DAM , 44.7275 , -121.2506 , Warm Springs , OR , United States
USC00356540 , PENDLETON BR EXP STN , 45.7206 , -118.6264 , Adams , OR , United States
USC00356541 , PENDLETON DWTN , 45.6703 , -118.7964 , Pendleton , OR , United States
USC00356634 , PILOT ROCK 1 SE , 45.4756 , -118.8253 , Pilot Rock , OR , United States
USC00356883 , PRINEVILLE , 44.3022 , -120.8081 , Prineville , OR , United States
USC00356907 , PROSPECT 2 SW , 42.7342 , -122.5164 , Prospect , OR , United States
USC00357169 , RIDDLE , 42.9506 , -123.3572 , Riddle , OR , United States
USC00357310 , ROME 2 NW , 42.8592 , -117.6569 , Jordan Valley , OR , United States
USC00357641 , SEASIDE , 45.9869 , -123.9236 , Seaside , OR , United States
USC00357675 , SENECA , 44.1383 , -118.975 , Seneca , OR , United States
USC00357809 , SILVER CREEK FALLS , 44.8728 , -122.6486 , Silverton , OR , United States
USC00357857 , SISTERS , 44.2842 , -121.5486 , Sisters , OR , United States
USC00358095 , STAYTON , 44.7892 , -122.8142 , Stayton , OR , United States
USC00358173 , SUMMER LAKE 1 S , 42.9592 , -120.7897 , Summer Lake , OR , United States
USC00358407 , THE DALLES , 45.6069 , -121.2047 , The Dalles , OR , United States
USC00358420 , THE POPLARS , 43.2644 , -120.9447 , Silver Lake , OR , United States
USC00358466 , THREE LYNX , 45.1219 , -122.07 , Estacada , OR , United States
USC00358494 , TILLAMOOK , 45.4539 , -123.8519 , Tillamook , OR , United States
USC00358536 , TOKETEE FALLS , 43.275 , -122.4497 ,  , OR , United States
USC00358634 , TROUTDALE , 45.5533 , -122.3886 , Troutdale , OR , United States
USC00358997 , WALLOWA , 45.5722 , -117.5314 , Wallowa , OR , United States
USC00359316 , WICKIUP DAM , 43.6825 , -121.6875 , La Pine , OR , United States
USC00360868 , BRADFORD 4SW RES 5 , 41.8975 , -78.7144 , Bradford , PA , United States
USC00361354 , CHAMBERSBURG 1 ESE , 39.9353 , -77.6394 , Chambersburg , PA , United States
USC00361485 , CLARION 3 SW , 41.1922 , -79.4361 , Clarion , PA , United States
USC00361705 , CONFLUENCE 1 SW DAM , 39.7994 , -79.3664 , Confluence , PA , United States
USC00362183 , DONEGAL 2 NW , 40.1275 , -79.4058 , Acme , PA , United States
USC00362190 , DONORA 1 SW , 40.1636 , -79.8694 , Monongahela , PA , United States
USC00362942 , FORD CITY 4 S DAM , 40.7131 , -79.5144 , Ford City , PA , United States
USC00363632 , HAMBURG , 40.5511 , -75.9914 , Hamburg , PA , United States
USC00363758 , HAWLEY 1 E , 41.4764 , -75.1653 , Hawley , PA , United States
USC00364214 , INDIANA 3 SE , 40.5972 , -79.1186 , Indiana , PA , United States
USC00364325 , JAMESTOWN 2 NW , 41.4992 , -80.4681 , Jamestown , PA , United States
USC00364432 , KANE 1NNE , 41.6767 , -78.8036 , Kane , PA , United States
USC00364763 , LANCASTER 2NE FLTR PLT , 40.05 , -76.2742 , Lancaster , PA , United States
USC00364778 , LANDISVILLE 2 NW , 40.1167 , -76.4333 , Manheim , PA , United States
USC00364992 , LEWISTOWN , 40.5864 , -77.5692 , Lewistown , PA , United States
USC00365050 , LINESVILLE 1 S , 41.6458 , -80.425 , Linesville , PA , United States
USC00365390 , MARCUS HOOK , 39.8253 , -75.4283 , Linwood , PA , United States
USC00366194 , NESHAMINY FALLS , 40.1358 , -74.955 , Bensalem , PA , United States
USC00366233 , NEW CASTLE 1 N , 41.0172 , -80.3614 , New Castle , PA , United States
USC00366370 , NORRISTOWN , 40.1197 , -75.3583 , Norristown , PA , United States
USC00366927 , PHOENIXVILLE 1 E , 40.12 , -75.5011 , Phoenixville , PA , United States
USC00367029 , PLEASANT MT 1 W , 41.7394 , -75.4464 , Pleasant Mount , PA , United States
USC00367229 , PUTNEYVILLE 2 SE DAM , 40.9247 , -79.2803 , New Bethlehem , PA , United States
USC00367477 , RIDGWAY , 41.4197 , -78.7492 , Ridgway , PA , United States
USC00367782 , SALINA 3 W , 40.51 , -79.5458 , Saltsburg , PA , United States
USC00367931 , SELINSGROVE 2 S , 40.7831 , -76.8617 , Port Trevorton , PA , United States
USC00368073 , SHIPPENSBURG , 40.0589 , -77.5214 , Shippensburg , PA , United States
USC00368184 , SLIPPERY ROCK 1 SSW , 41.0558 , -80.06 , Slippery Rock , PA , United States
USC00368449 , STATE COLLEGE , 40.7933 , -77.8672 , State College , PA , United States
USC00368596 , STROUDSBURG , 41.0125 , -75.1906 , East Stroudsburg , PA , United States
USC00368873 , TIONESTA 2 SE LAKE , 41.4792 , -79.4433 , Tionesta , PA , United States
USC00368888 , TITUSVILLE WTR WKS , 41.63 , -79.6931 , Titusville , PA , United States
USC00368905 , TOWANDA 1 S , 41.7511 , -76.4431 , Towanda , PA , United States
USC00369050 , UNIONTOWN 1 NE , 39.915 , -79.7192 , Uniontown , PA , United States
USC00369298 , WARREN , 41.8467 , -79.1494 , Warren , PA , United States
USC00369367 , WAYNESBURG 1 E , 39.8986 , -80.1656 , Waynesburg , PA , United States
USC00369408 , WELLSBORO 4 SW , 41.7003 , -77.3894 , Wellsboro , PA , United States
USC00369464 , WEST CHESTER 2 NW , 39.9708 , -75.635 , West Chester , PA , United States
USC00369933 , YORK 3 SSW PUMP STN , 39.9167 , -76.75 ,  , PA , United States
USC00380448 , BAMBERG , 33.3 , -81.0306 , Bamberg , SC , United States
USC00380736 , BISHOPVILLE 1ENE , 34.2169 , -80.2392 , Bishopville , SC , United States
USC00381093 , BROOKGREEN GARDENS , 33.5214 , -79.0975 , Pawleys Island , SC , United States
USC00381277 , CALHOUN FALLS , 34.0906 , -82.5883 , Calhoun Falls , SC , United States
USC00381588 , CHERAW , 34.7319 , -79.8833 , Cheraw , SC , United States
USC00381633 , CHESTER 1 SE , 34.6847 , -81.1958 , Chester , SC , United States
USC00381726 , CLARKS HILL 1 W , 33.6631 , -82.1897 , Clarks Hill , SC , United States
USC00381770 , CLEMSON UNIV , 34.6603 , -82.8236 , Clemson , SC , United States
USC00381944 , COLUMBIA UNIV OF SC , 33.9831 , -81.0167 , Columbia , SC , United States
USC00381997 , CONWAY , 33.8314 , -79.0558 , Conway , SC , United States
USC00382386 , DILLON , 34.4092 , -79.3564 , Dillon , SC , United States
USC00382730 , EDISTO BEACH STATE PARK , 32.505 , -80.2947 , Edisto Island , SC , United States
USC00383111 , FLORENCE 8 NE , 34.2933 , -79.74 , Darlington , SC , United States
USC00384607 , JOHNSTON 4 SW , 33.7775 , -81.8467 , Johnston , SC , United States
USC00384886 , LAKE CITY 2 SE , 33.8642 , -79.7297 , Lake City , SC , United States
USC00385017 , LAURENS , 34.4989 , -82.0219 , Laurens , SC , United States
USC00385200 , LITTLE MTN , 34.1942 , -81.415 , Little Mountain , SC , United States
USC00385278 , LONG CREEK , 34.7975 , -83.2678 , Mountain Rest , SC , United States
USC00385633 , MCCOLL 3 NNW , 34.7056 , -79.5683 , McColl , SC , United States
USC00386209 , NEWBERRY , 34.2978 , -81.6236 , Newberry , SC , United States
USC00386527 , ORANGEBURG 2 , 33.4886 , -80.8733 , Orangeburg , SC , United States
USC00386688 , PARR , 34.2931 , -81.3181 , Jenkinsville , SC , United States
USC00386831 , PICKENS , 34.8814 , -82.7189 , Pickens , SC , United States
USC00387666 , SANDHILL RSCH ELGIN , 34.1419 , -80.87 , Columbia , SC , United States
USC00387722 , SANTUCK , 34.635 , -81.5206 , Union , SC , United States
USC00388405 , SULLIVANS ISLAND , 32.76 , -79.8489 , Sullivan's Island , SC , United States
USC00388426 , SUMMERVILLE 4W , 33.0367 , -80.2325 , Summerville , SC , United States
USC00388440 , SUMTER , 33.9364 , -80.3569 , Sumter , SC , United States
USC00388786 , UNION 8 S , 34.6053 , -81.6628 , Union , SC , United States
USC00388887 , WALHALLA , 34.7544 , -83.075 , Walhalla , SC , United States
USC00388922 , WALTERBORO 1 SW , 32.8847 , -80.6761 , Walterboro , SC , United States
USC00389327 , WINNSBORO , 34.3739 , -81.0928 , Winnsboro , SC , United States
USC00389350 , WINTHROP UNIV , 34.9381 , -81.0317 , Rock Hill , SC , United States
USC00389469 , YEMASSEE , 32.6803 , -80.8419 , Yemassee , SC , United States
USC00390043 , ACADEMY 2NE , 43.4892 , -99.0631 , Platte , SD , United States
USC00390128 , ALEXANDRIA , 43.6514 , -97.7847 , Alexandria , SD , United States
USC00390236 , ARDMORE 1 NW , 43.03 , -103.66 , Edgemont , SD , United States
USC00390559 , BELLE FOURCHE , 44.6714 , -103.8511 , Belle Fourche , SD , United States
USC00390701 , BISON , 45.5286 , -102.465 , Bison , SD , United States
USC00391032 , BRIDGEWATER , 43.5525 , -97.5017 , Bridgewater , SD , United States
USC00391049 , BRITTON , 45.7908 , -97.75 , Britton , SD , United States
USC00391076 , BROOKINGS 2 NE , 44.3253 , -96.7686 , Brookings , SD , United States
USC00391294 , CAMP CROOK , 45.5489 , -103.9744 , Camp Crook , SD , United States
USC00391392 , CANTON , 43.3056 , -96.5917 , Canton , SD , United States
USC00391579 , CENTERVILLE 6 SE , 43.0431 , -96.9033 , Beresford , SD , United States
USC00391873 , COLUMBIA 8 N , 45.725 , -98.3 , Columbia , SD , United States
USC00391972 , COTTONWOOD 2 E , 43.9611 , -101.8606 , Quinn , SD , United States
USC00392302 , DE SMET , 44.3867 , -97.5606 , De Smet , SD , United States
USC00392429 , DUPREE , 45.0469 , -101.605 , Dupree , SD , United States
USC00392927 , FAULKTON 1 NW , 45.0364 , -99.1342 , Faulkton , SD , United States
USC00392984 , FLANDREAU , 44.0517 , -96.5928 , Flandreau , SD , United States
USC00393029 , FORESTBURG 4 NNE , 44.0686 , -98.0833 , Artesian , SD , United States
USC00393069 , FT MEADE , 44.41 , -103.4775 ,  , SD , United States
USC00393294 , GETTYSBURG , 45.0194 , -99.9403 , Gettysburg , SD , United States
USC00393316 , GLAD VALLEY 2 W , 45.4178 , -101.81 , Meadow , SD , United States
USC00393452 , GREGORY , 43.2356 , -99.4339 , Gregory , SD , United States
USC00393832 , HIGHMORE 1 W , 44.5222 , -99.455 , Highmore , SD , United States
USC00394037 , HOWARD , 44.0122 , -97.5242 , Howard , SD , United States
USC00394184 , INTERIOR 3 NE , 43.7483 , -101.9414 , Interior , SD , United States
USC00394206 , IPSWICH , 45.4478 , -99.0383 , Ipswich , SD , United States
USC00394516 , KENNEBEC , 43.9072 , -99.8628 , Kennebec , SD , United States
USC00394834 , LEAD , 44.3533 , -103.7714 , Lead , SD , United States
USC00394864 , LEMMON , 45.9397 , -102.1575 , Lemmon , SD , United States
USC00395048 , LUDLOW 3 SSE , 45.785 , -103.3719 , Ludlow , SD , United States
USC00395281 , MARTIN , 43.1803 , -101.7386 , Martin , SD , United States
USC00395381 , MC INTOSH 6 SE , 45.8383 , -101.2767 , Mc Intosh , SD , United States
USC00395456 , MELLETTE 4 W , 45.155 , -98.5825 , Northville , SD , United States
USC00395481 , MENNO , 43.2358 , -97.5714 , Menno , SD , United States
USC00395544 , MILESVILLE 5 NE , 44.5208 , -101.6192 , Milesville , SD , United States
USC00395561 , MILLER , 44.5178 , -98.9814 , Miller , SD , United States
USC00395638 , MISSION 14 S , 43.1114 , -100.6083 , Valentine , SD , United States
USC00395691 , MOBRIDGE 2NNW , 45.5656 , -100.4489 , Mobridge , SD , United States
USC00395891 , MURDO , 43.8894 , -100.7078 , Murdo , SD , United States
USC00396054 , NEWELL , 44.7158 , -103.4275 , Newell , SD , United States
USC00396212 , OELRICHS , 43.1878 , -103.2372 , Oelrichs , SD , United States
USC00396292 , ONIDA 4 NW , 44.7317 , -100.1447 , Onida , SD , United States
USC00396427 , PACTOLA DAM , 44.0622 , -103.4819 , Rapid City , SD , United States
USC00396574 , PICKSTOWN , 43.0689 , -98.5325 , Lake Andes , SD , United States
USC00396712 , POLLOCK , 45.9042 , -100.2875 , Pollock , SD , United States
USC00396947 , RAPID CITY 4NW , 44.115 , -103.2828 , Rapid City , SD , United States
USC00397545 , SELBY , 45.51 , -100.0356 , Selby , SD , United States
USC00397742 , SISSETON , 45.6656 , -97.0392 , Sisseton , SD , United States
USC00397882 , SPEARFISH , 44.5139 , -103.8722 , Spearfish , SD , United States
USC00398116 , SUMMIT 1 W , 45.3036 , -97.0625 , Summit , SD , United States
USC00398307 , TIMBER LAKE , 45.4283 , -101.0764 , Timber Lake , SD , United States
USC00398472 , TYNDALL , 42.9919 , -97.8703 , Tyndall , SD , United States
USC00398622 , VERMILLION 2 SE , 42.7625 , -96.9194 , Vermillion , SD , United States
USC00398911 , WASTA , 44.0697 , -102.4478 , Wasta , SD , United States
USC00398980 , WAUBAY NWR , 45.4247 , -97.3269 , Waubay , SD , United States
USC00399004 , WEBSTER , 45.3331 , -97.5228 , Webster , SD , United States
USC00399232 , WHITE LAKE , 43.7292 , -98.7131 , White Lake , SD , United States
USC00399367 , WINNER , 43.3686 , -99.8403 , Winner , SD , United States
USC00399442 , WOOD , 43.4978 , -100.4794 , Wood , SD , United States
USC00400081 , ALLARDT , 36.3806 , -84.8744 , Jamestown , TN , United States
USC00400876 , BOLIVAR WTR WKS , 35.2622 , -88.9892 , Bolivar , TN , United States
USC00401790 , CLARKSVILLE WWTP , 36.5472 , -87.3353 , Clarksville , TN , United States
USC00401808 , CLEVELAND FLTR PLT , 35.2203 , -84.7981 , Cleveland , TN , United States
USC00401957 , COLUMBIA 3 WNW , 35.6381 , -87.0864 , Columbia , TN , United States
USC00402009 , COOKEVILLE , 36.1075 , -85.5033 , Cookeville , TN , United States
USC00402108 , COVINGTON 3 SW , 35.5497 , -89.7 , Brighton , TN , United States
USC00402202 , CROSSVILLE ED & RESEARCH , 36.0147 , -85.1314 , Crossville , TN , United States
USC00402360 , DAYTON 2SE , 35.4717 , -84.9947 , Dayton , TN , United States
USC00402489 , DICKSON , 36.075 , -87.3958 , Dickson , TN , United States
USC00402589 , DOVER 1 W , 36.4819 , -87.8628 , Dover , TN , United States
USC00402600 , DRESDEN , 36.2836 , -88.7064 , Dresden , TN , United States
USC00403074 , FAYETTEVILLE WTP , 35.15 , -86.5411 , Fayetteville , TN , United States
USC00403280 , FRANKLIN SEWAGE PLT , 35.9417 , -86.8686 , Franklin , TN , United States
USC00403420 , GATLINBURG 2 SW , 35.6878 , -83.5369 , Gatlinburg , TN , United States
USC00403679 , GREENEVILLE EXP STN , 36.1056 , -82.8436 , Greeneville , TN , United States
USC00404561 , JACKSON EXP STN , 35.6214 , -88.8456 , Jackson , TN , United States
USC00404858 , KINGSPORT , 36.5194 , -82.5275 , Kingsport , TN , United States
USC00404987 , LAFAYETTE , 36.5192 , -86.03 , Lafayette , TN , United States
USC00405089 , LAWRENCEBURG FILT PLT , 35.2436 , -87.3508 , Lawrenceburg , TN , United States
USC00405187 , LEWISBURG EXP STN , 35.4139 , -86.8086 , Lewisburg , TN , United States
USC00405681 , MARTIN U OF T BRANCH E , 36.3444 , -88.8636 , Martin , TN , United States
USC00405882 , MC MINNVILLE , 35.6722 , -85.7811 , McMinnville , TN , United States
USC00406012 , MILAN EXP STN , 35.9328 , -88.7267 , Milan , TN , United States
USC00406162 , MONTEAGLE , 35.2244 , -85.8417 , Monteagle , TN , United States
USC00406292 , MTN CITY 2 , 36.4739 , -81.8033 , Mountain City , TN , United States
USC00406340 , MT PLEASANT 1N , 35.5572 , -87.2019 , Mount Pleasant , TN , United States
USC00406371 , MURFREESBORO 5 N , 35.9203 , -86.3728 , Murfreesboro , TN , United States
USC00406534 , NEWPORT 1 NW , 35.9833 , -83.2008 , Newport , TN , United States
USC00406619 , NORRIS , 36.2131 , -84.0603 , Andersonville , TN , United States
USC00406829 , ONEIDA , 36.5028 , -84.5308 , Oneida , TN , United States
USC00406977 , PARIS 2 SE , 36.2872 , -88.2958 , Paris , TN , United States
USC00407359 , PORTLAND SEWAGE PLT , 36.5875 , -86.5258 , Portland , TN , United States
USC00407459 , PULASKI WWTP , 35.1842 , -87.0422 , Pulaski , TN , United States
USC00407884 , ROGERSVILLE 1 NE , 36.4161 , -82.9839 , Rogersville , TN , United States
USC00408065 , SAMBURG WR , 36.4528 , -89.3028 , Union City , TN , United States
USC00408108 , SAVANNAH 6 SW , 35.1525 , -88.3214 , Shiloh , TN , United States
USC00408160 , SELMER , 35.1647 , -88.5994 , Selmer , TN , United States
USC00408179 , SEVIERVILLE , 35.9297 , -83.5983 , Sevierville , TN , United States
USC00408246 , SHELBYVILLE WATER DEPT , 35.4922 , -86.4775 , Shelbyville , TN , United States
USC00408562 , SPRINGFIELD EXP STN , 36.4711 , -86.8414 , Springfield , TN , United States
USC00409155 , TULLAHOMA , 35.3453 , -86.2089 , Tullahoma , TN , United States
USC00409866 , WOODBURY 1 WNW , 35.8375 , -86.0894 , Woodbury , TN , United States
USC00410235 , ANAHUAC , 29.7878 , -94.6342 , Anahuac , TX , United States
USC00410257 , ANGLETON 2 W , 29.1572 , -95.4592 , Angleton , TX , United States
USC00410268 , ANSON , 32.7667 , -99.89 , Anson , TX , United States
USC00410493 , BALLINGER 2 NW , 31.7414 , -99.9764 , Ballinger , TX , United States
USC00410498 , BALMORHEA , 30.9844 , -103.7403 , Balmorhea , TX , United States
USC00410569 , BAY CITY WTR WKS , 28.9797 , -95.975 , Bay City , TX , United States
USC00410586 , BAYTOWN , 29.9142 , -94.9908 , Crosby , TX , United States
USC00410611 , BEAUMONT CITY , 30.0969 , -94.0997 , Beaumont , TX , United States
USC00410613 , BEAUMONT RSCH CTR , 30.0689 , -94.2928 , Beaumont , TX , United States
USC00410639 , BEEVILLE 5 NE , 28.4575 , -97.7061 , Beeville , TX , United States
USC00410691 , BENBROOK DAM , 32.6475 , -97.4439 , Fort Worth , TX , United States
USC00410832 , BLANCO , 30.1061 , -98.4286 , Blanco , TX , United States
USC00410902 , BOERNE , 29.7986 , -98.7353 , Boerne , TX , United States
USC00410923 , BONHAM 3NNE , 33.6403 , -96.1661 , Bonham , TX , United States
USC00410958 , BORGER , 35.6364 , -101.4542 , Borger , TX , United States
USC00410984 , BOWIE , 33.5511 , -97.8472 , Bowie , TX , United States
USC00411007 , BRACKETTVILLE , 29.3167 , -100.4144 , Brackettville , TX , United States
USC00411017 , BRADY , 31.1444 , -99.3492 , Brady , TX , United States
USC00411042 , BRECKENRIDGE , 32.75 , -98.9017 , Breckenridge , TX , United States
USC00411048 , BRENHAM , 30.1592 , -96.3972 , Brenham , TX , United States
USC00411063 , BRIDGEPORT , 33.2064 , -97.7761 , Bridgeport , TX , United States
USC00411128 , BROWNFIELD #2 , 33.1908 , -102.2681 , Brownfield , TX , United States
USC00411138 , BROWNWOOD 2ENE , 31.7383 , -98.9456 , Early , TX , United States
USC00411250 , BURNET , 30.7586 , -98.2339 , Burnet , TX , United States
USC00411486 , CARRIZO SPRINGS 3S , 28.4894 , -99.8733 , Carrizo Springs , TX , United States
USC00411500 , CARTHAGE , 32.1614 , -94.3397 , Carthage , TX , United States
USC00411578 , CENTER , 31.8075 , -94.1642 , Center , TX , United States
USC00411596 , CENTERVILLE , 31.2581 , -95.9744 , Centerville , TX , United States
USC00411715 , CHISOS BASIN , 29.2703 , -103.3003 , Big Bend National Park , TX , United States
USC00411800 , CLEBURNE , 32.3139 , -97.4061 , Cleburne , TX , United States
USC00411875 , COLEMAN , 31.8281 , -99.4339 , Coleman , TX , United States
USC00411956 , CONROE , 30.3303 , -95.4831 , Conroe , TX , United States
USC00412019 , CORSICANA , 32.1225 , -96.4867 , Corsicana , TX , United States
USC00412082 , CRANE , 31.4072 , -102.3578 , Crane , TX , United States
USC00412114 , CROCKETT , 31.3072 , -95.4508 , Crockett , TX , United States
USC00412121 , CROSBYTON , 33.6517 , -101.245 , Crosbyton , TX , United States
USC00412173 , CUERO , 29.0892 , -97.3433 , Cuero , TX , United States
USC00412225 , DAINGERFIELD 9 S , 32.9203 , -94.7225 , Daingerfield , TX , United States
USC00412266 , DANEVANG 1 W , 29.0567 , -96.2319 , El Campo , TX , United States
USC00412394 , DENISON DAM , 33.8167 , -96.5667 , Denison , TX , United States
USC00412404 , DENTON 2 SE , 33.1992 , -97.105 , Denton , TX , United States
USC00412617 , DUMAS , 35.8731 , -101.9725 , Dumas , TX , United States
USC00412679 , EAGLE PASS 3N , 28.7569 , -100.4792 , Eagle Pass , TX , United States
USC00412741 , EDEN , 31.2208 , -99.8494 , Eden , TX , United States
USC00412906 , ENCINAL , 27.9775 , -99.3847 , Encinal , TX , United States
USC00413063 , FALFURRIAS , 27.1353 , -98.1203 , Falfurrias , TX , United States
USC00413183 , FLATONIA 4SE , 29.6339 , -97.0644 , Flatonia , TX , United States
USC00413214 , FLOYDADA , 33.985 , -101.3339 , Floydada , TX , United States
USC00413225 , FOLLETT , 36.4328 , -100.1369 , Follett , TX , United States
USC00413280 , FT STOCKTON , 30.9072 , -102.9153 , Fort Stockton , TX , United States
USC00413299 , FOWLERTON , 28.5033 , -98.8392 , Fowlerton , TX , United States
USC00413329 , FREDERICKSBURG , 30.2392 , -98.9089 , Fredericksburg , TX , United States
USC00413340 , FREEPORT 2 NW , 28.9844 , -95.3808 , Freeport , TX , United States
USC00413485 , GATESVILLE , 31.4144 , -97.7019 , Gatesville , TX , United States
USC00413618 , GOLIAD , 28.6617 , -97.385 , Goliad , TX , United States
USC00413668 , GRAHAM , 33.1203 , -98.5669 , Graham , TX , United States
USC00413691 , GRAPEVINE DAM , 32.9506 , -97.0553 , Grapevine , TX , United States
USC00413734 , GREENVILLE KGVL RADIO , 33.1678 , -96.0983 , Greenville , TX , United States
USC00413873 , HALLETTSVILLE 2 N , 29.4706 , -96.9397 , Hallettsville , TX , United States
USC00413943 , HARLINGEN , 26.2028 , -97.6728 , Harlingen , TX , United States
USC00413992 , HASKELL , 33.1578 , -99.7456 , Haskell , TX , United States
USC00414081 , HENDERSON , 32.1808 , -94.7964 , Henderson , TX , United States
USC00414098 , HEREFORD , 34.8172 , -102.4003 , Hereford , TX , United States
USC00414254 , HONDO , 29.3364 , -99.1383 , Hondo , TX , United States
USC00414278 , HORDS CREEK DAM , 31.8456 , -99.5606 , Coleman , TX , United States
USC00414517 , JACKSBORO , 33.2206 , -98.1561 , Jacksboro , TX , United States
USC00414670 , JUNCTION 4SSW , 30.4453 , -99.8045 , Junction , TX , United States
USC00414810 , KINGSVILLE , 27.5311 , -97.8497 , Kingsville , TX , United States
USC00415013 , LAMESA 1 SSE , 32.7228 , -101.9456 , Lamesa , TX , United States
USC00415094 , LAVON DAM , 33.0353 , -96.4861 , Wylie , TX , United States
USC00415183 , LEVELLAND , 33.55 , -102.3758 , Levelland , TX , United States
USC00415196 , LIBERTY , 30.0592 , -94.795 , Liberty , TX , United States
USC00415271 , LIVINGSTON 2 NNE , 30.7394 , -94.9256 , Livingston , TX , United States
USC00415272 , LLANO , 30.7425 , -98.6542 , Llano , TX , United States
USC00415429 , LULING , 29.6756 , -97.6578 , Luling , TX , United States
USC00415477 , MADISONVILLE , 30.9392 , -95.9203 , Madisonville , TX , United States
USC00415579 , MARATHON , 30.1925 , -103.2717 , Marathon , TX , United States
USC00415611 , MARLIN 3 NE , 31.3336 , -96.8581 , Marlin , TX , United States
USC00415650 , MASON , 30.7478 , -99.2306 , Mason , TX , United States
USC00415658 , MATADOR , 34.0044 , -100.825 , Matador , TX , United States
USC00415659 , MATAGORDA NO 2 , 28.6836 , -95.9733 , Matagorda , TX , United States
USC00415701 , MCALLEN , 26.1917 , -98.2511 , McAllen , TX , United States
USC00415707 , MCCAMEY , 31.1331 , -102.2217 , McCamey , TX , United States
USC00415721 , MCCOOK , 26.565 , -98.1236 , Edinburg , TX , United States
USC00415822 , MENARD , 30.9144 , -99.7958 , Menard , TX , United States
USC00415891 , MIDLAND 4 ENE , 32.0186 , -102.0258 , Midland , TX , United States
USC00416104 , MT LOCKE , 30.7053 , -104.0233 , Fort Davis , TX , United States
USC00416135 , MULESHOE #1 , 34.2192 , -102.7328 , Muleshoe , TX , United States
USC00416276 , NEW BRAUNFELS , 29.7192 , -98.1189 , New Braunfels , TX , United States
USC00416368 , NIXON , 29.2283 , -97.7675 , Nixon , TX , United States
USC00416644 , OLTON , 34.1797 , -102.1356 , Olton , TX , United States
USC00416734 , OZONA , 30.7169 , -101.2061 , Ozona , TX , United States
USC00416792 , PANTHER JUNCTION , 29.3272 , -103.2061 , Big Bend National Park , TX , United States
USC00416794 , PARIS , 33.6744 , -95.5586 , Paris , TX , United States
USC00416879 , PEARSALL , 28.8889 , -99.0897 , Pearsall , TX , United States
USC00417020 , PIERCE 1 E , 29.2353 , -96.1817 , El Campo , TX , United States
USC00417074 , PLAINS , 33.1869 , -102.8281 , Plains , TX , United States
USC00417079 , PLAINVIEW , 34.1892 , -101.7022 , Plainview , TX , United States
USC00417140 , POINT COMFORT , 28.6575 , -96.5553 , Point Comfort , TX , United States
USC00417179 , PORT ISABEL , 26.0942 , -97.3094 , Laguna Vista , TX , United States
USC00417184 , PORT MANSFIELD , 26.5578 , -97.4264 , Port Mansfield , TX , United States
USC00417215 , POTEET , 29.0283 , -98.5686 , Poteet , TX , United States
USC00417232 , PRADE RCH , 29.9167 , -99.7908 , Leakey , TX , United States
USC00417458 , RAYMONDVILLE , 26.4819 , -97.8097 , Raymondville , TX , United States
USC00417622 , RIO GRANDE CITY , 26.3769 , -98.8117 , Rio Grande City , TX , United States
USC00417704 , ROCKPORT , 28.0286 , -97.0567 , Rockport , TX , United States
USC00417706 , ROCKSPRINGS , 30.0239 , -100.2119 , Rocksprings , TX , United States
USC00417743 , ROSCOE , 32.4481 , -100.5264 , Roscoe , TX , United States
USC00417841 , RUSK , 31.8086 , -95.1428 , Rusk , TX , United States
USC00417983 , SAN MARCOS , 29.8833 , -97.9494 , San Marcos , TX , United States
USC00418022 , SANDERSON , 30.1414 , -102.3917 , Sanderson , TX , United States
USC00418201 , SEMINOLE , 32.7131 , -102.6597 , Seminole , TX , United States
USC00418354 , SINTON , 28.0353 , -97.4972 , Sinton , TX , United States
USC00418415 , SMITHVILLE , 30.0067 , -97.1689 , Smithville , TX , United States
USC00418433 , SNYDER , 32.71 , -100.9111 , Snyder , TX , United States
USC00418449 , SONORA , 30.5831 , -100.6503 , Sonora , TX , United States
USC00418566 , SPUR , 33.4792 , -100.8761 , Spur , TX , United States
USC00418692 , STRATFORD , 36.3372 , -102.0753 , Stratford , TX , United States
USC00418728 , SUGAR LAND , 29.6219 , -95.6567 , Sugar Land , TX , United States
USC00418743 , SULPHUR SPRINGS , 33.1481 , -95.6269 , Sulphur Springs , TX , United States
USC00418818 , TAHOKA , 33.1714 , -101.7981 , Tahoka , TX , United States
USC00418996 , THOMPSONS 3 WSW , 29.4822 , -95.6314 , Richmond , TX , United States
USC00419175 , TULIA , 34.5269 , -101.8392 , Tulia , TX , United States
USC00419295 , VAN HORN , 31.0417 , -104.8372 , Van Horn , TX , United States
USC00419491 , WASHINGTON SP , 30.3236 , -96.1594 , Washington , TX , United States
USC00419532 , WEATHERFORD , 32.7483 , -97.77 , Weatherford , TX , United States
USC00419588 , WESLACO , 26.1781 , -97.9708 , Weslaco , TX , United States
USC00419715 , WHITNEY DAM , 31.8611 , -97.375 , Clifton , TX , United States
USC00419800 , WILLS POINT , 32.7019 , -96.015 , Wills Point , TX , United States
USC00419952 , YOAKUM , 29.2739 , -97.1556 , Yoakum , TX , United States
USC00420074 , ALTAMONT , 40.3561 , -110.2878 , Altamont , UT , United States
USC00420086 , ALTON , 37.4403 , -112.4819 , Alton , UT , United States
USC00420730 , BLACK ROCK , 38.7075 , -112.9539 , Milford , UT , United States
USC00420738 , BLANDING , 37.6131 , -109.4847 , Blanding , UT , United States
USC00420788 , BLUFF , 37.2825 , -109.5575 , Bluff , UT , United States
USC00420849 , BOULDER , 37.905 , -111.42 , Boulder , UT , United States
USC00421008 , BRYCE CANYON NP HQRS , 37.6411 , -112.1689 , Bryce , UT , United States
USC00421214 , CASTLE DALE , 39.2078 , -111.0125 , Castle Dale , UT , United States
USC00421308 , CEDAR POINT , 37.7158 , -109.0828 , Dove Creek , UT , United States
USC00421759 , COTTONWOOD WEIR , 40.6242 , -111.7869 , Cottonwood Heights , UT , United States
USC00422057 , DEER CREEK DAM , 40.4044 , -111.5289 , Wallsburg , UT , United States
USC00422101 , DESERET , 39.2872 , -112.6519 , Delta , UT , United States
USC00422173 , DINOSAUR QUARRY AREA , 40.4378 , -109.3045 , Vernal , UT , United States
USC00422253 , DUCHESNE , 40.1678 , -110.395 , Duchesne , UT , United States
USC00422257 , DUGWAY , 40.1839 , -112.9217 ,  , UT , United States
USC00422385 , ECHO DAM , 40.9656 , -111.435 , Coalville , UT , United States
USC00422578 , EPHRAIM , 39.3583 , -111.5992 , Ephraim , UT , United States
USC00422592 , ESCALANTE , 37.7686 , -111.5978 , Escalante , UT , United States
USC00422696 , FAIRFIELD , 40.2703 , -112.0944 , Fairfield , UT , United States
USC00422798 , FERRON , 39.0875 , -111.1325 , Ferron , UT , United States
USC00422828 , FILLMORE , 38.9664 , -112.3278 , Fillmore , UT , United States
USC00422864 , FLAMING GORGE , 40.9317 , -109.4117 ,  , UT , United States
USC00422996 , FT DUCHESNE , 40.2842 , -109.8611 , Fort Duchesne , UT , United States
USC00424100 , HOVENWEEP NM , 37.3858 , -109.075 , Montezuma Creek , UT , United States
USC00424174 , IBAPAH , 40.0378 , -113.9886 , Ibapah , UT , United States
USC00424342 , JENSEN , 40.3611 , -109.3464 , Jensen , UT , United States
USC00424467 , KAMAS , 40.6439 , -111.2822 , Kamas , UT , United States
USC00424508 , KANAB , 37.0286 , -112.5367 , Kanab , UT , United States
USC00424856 , LAKETOWN , 41.825 , -111.3208 , Laketown , UT , United States
USC00424968 , LA VERKIN , 37.2008 , -113.2686 , La Verkin , UT , United States
USC00425065 , LEVAN , 39.5608 , -111.8653 , Levan , UT , United States
USC00425148 , LOA , 38.4058 , -111.6433 , Loa , UT , United States
USC00425182 , LOGAN RADIO KVNU , 41.7353 , -111.8561 , Logan , UT , United States
USC00425186 , LOGAN UTAH ST UNIV , 41.7456 , -111.8033 , Logan , UT , United States
USC00425377 , MANILA , 40.99 , -109.7258 , Manila , UT , United States
USC00425402 , MANTI , 39.2583 , -111.6306 , Manti , UT , United States
USC00425582 , MEXICAN HAT , 37.1497 , -109.8675 , Mexican Hat , UT , United States
USC00425733 , MOAB , 38.5744 , -109.5458 , Moab , UT , United States
USC00425837 , MORONI , 39.5267 , -111.5872 , Moroni , UT , United States
USC00425892 , MTN DELL DAM , 40.7497 , -111.7222 , Salt Lake City , UT , United States
USC00425969 , MYTON , 40.1942 , -110.0617 , Myton , UT , United States
USC00426123 , NEOLA , 40.4178 , -110.0511 , Neola , UT , United States
USC00426135 , NEPHI , 39.7122 , -111.8319 , Nephi , UT , United States
USC00426181 , NEW HARMONY , 37.4636 , -113.2897 , New Harmony , UT , United States
USC00426357 , OAK CITY , 39.3758 , -112.3342 , Oak City , UT , United States
USC00426534 , ORDERVILLE , 37.2722 , -112.6389 , Orderville , UT , United States
USC00426568 , OURAY 4 NE , 40.1342 , -109.6422 , Randlett , UT , United States
USC00426601 , PANGUITCH , 37.8156 , -112.4386 , Panguitch , UT , United States
USC00426708 , PARTOUN , 39.6308 , -113.8858 , Wendover , UT , United States
USC00426869 , PINE VIEW DAM , 41.2578 , -111.8378 , Eden , UT , United States
USC00426919 , PLEASANT GROVE , 40.3675 , -111.7339 , Pleasant Grove , UT , United States
USC00427260 , RICHFIELD RADIO KSVC , 38.7619 , -112.0775 , Richfield , UT , United States
USC00427271 , RICHMOND , 41.9064 , -111.81 , Richmond , UT , United States
USC00427395 , ROOSEVELT RADIO , 40.2878 , -109.9586 , Ballard , UT , United States
USC00427516 , ST GEORGE , 37.1069 , -113.5611 , Saint George , UT , United States
USC00427686 , SANTAQUIN CHLORINATOR , 39.9578 , -111.7794 , Santaquin , UT , United States
USC00427714 , SCIPIO , 39.2453 , -112.1067 , Scipio , UT , United States
USC00427846 , SILVER LAKE BRIGHTON , 40.6008 , -111.5842 , Brighton , UT , United States
USC00428119 , SPANISH FORK PWR HOUSE , 40.0797 , -111.6044 , Spanish Fork , UT , United States
USC00428733 , TIMPANOGOS CAVE , 40.4447 , -111.7075 , American Fork , UT , United States
USC00428771 , TOOELE , 40.5278 , -112.2975 , Tooele , UT , United States
USC00428973 , UTAH LAKE LEHI , 40.3603 , -111.8972 , Saratoga Springs , UT , United States
USC00429111 , VERNAL 2SW , 40.4269 , -109.5531 , Vernal , UT , United States
USC00429136 , VEYO PWR HOUSE , 37.3522 , -113.6667 , Veyo , UT , United States
USC00429165 , WANSHIP DAM , 40.7908 , -111.4078 , Coalville , UT , United States
USC00429595 , WOODRUFF , 41.525 , -111.1494 , Woodruff , UT , United States
USC00429717 , ZION NP , 37.2092 , -112.9814 , Hurricane , UT , United States
USC00431243 , CAVENDISH , 43.3847 , -72.5989 , Cavendish , VT , United States
USC00431580 , CORNWALL , 43.9572 , -73.2106 , Cornwall , VT , United States
USC00432769 , ENOSBURG FALLS , 44.9094 , -72.8083 , Enosburg , VT , United States
USC00435416 , MT MANSFIELD , 44.5247 , -72.8153 , Stowe , VT , United States
USC00435733 , NORTHFIELD , 44.1647 , -72.6567 ,  , VT , United States
USC00436995 , RUTLAND , 43.6253 , -72.9781 , Rutland , VT , United States
USC00439984 , WOODSTOCK , 43.6303 , -72.5072 , Woodstock , VT , United States
USC00440327 , ASHLAND , 37.75 , -77.4833 , Ashland , VA , United States
USC00440385 , BACK BAY WR , 36.6619 , -75.9114 , Virginia Beach , VA , United States
USC00440766 , BLACKSBURG NWSO , 37.2017 , -80.4133 , Blacksburg , VA , United States
USC00441121 , BUCHANAN , 37.5247 , -79.6817 , Buchanan , VA , United States
USC00441209 , BURKES GARDEN , 37.0925 , -81.3358 , Tazewell , VA , United States
USC00441585 , CHARLOTTE COURT HOUSE , 37.0522 , -78.6497 , Charlotte Court House , VA , United States
USC00441593 , CHARLOTTESVILLE 2W , 38.0328 , -78.5225 , Charlottesville , VA , United States
USC00441606 , CHASE CITY , 36.7775 , -78.4756 , Chase City , VA , United States
USC00441614 , CHATHAM , 36.8225 , -79.4103 , Chatham , VA , United States
USC00442009 , CORBIN , 38.2022 , -77.3747 , Woodford , VA , United States
USC00442208 , DALE ENTERPRISE , 38.4547 , -78.9353 , Harrisonburg , VA , United States
USC00442941 , FARMVILLE 2 N , 37.3264 , -78.3864 , Farmville , VA , United States
USC00443267 , GALAX RADIO WBRF , 36.6633 , -80.9139 , Galax , VA , United States
USC00444044 , HOLLAND 1 E , 36.6831 , -76.7683 , Suffolk , VA , United States
USC00444128 , HOT SPRINGS , 37.9969 , -79.8317 , Hot Springs , VA , United States
USC00444414 , JOHN H KERR DAM , 36.6003 , -78.3011 , Boydton , VA , United States
USC00444876 , LEXINGTON , 37.7767 , -79.4386 , Lexington , VA , United States
USC00445050 , LOUISA , 38.0422 , -78.0061 , Louisa , VA , United States
USC00445096 , LURAY 5 E , 38.6661 , -78.3728 , Luray , VA , United States
USC00445300 , MARTINSVILLE FLTR PLT , 36.7056 , -79.865 , Martinsville , VA , United States
USC00445851 , MT WEATHER , 39.0642 , -77.8883 , Bluemont , VA , United States
USC00446475 , PAINTER 2W , 37.5831 , -75.8217 , Painter , VA , United States
USC00446692 , PHILPOTT DAM 2 , 36.7764 , -80.0272 , Bassett , VA , United States
USC00446712 , PIEDMONT RSCH STN , 38.2322 , -78.1203 , Orange , VA , United States
USC00446955 , PULASKI 2 E , 37.0556 , -80.7842 , Pulaski , VA , United States
USC00447338 , ROCKY MT , 36.9769 , -79.8961 , Rocky Mount , VA , United States
USC00447506 , SALTVILLE 1N , 36.8894 , -81.7711 , Saltville , VA , United States
USC00448062 , STAUNTON WATER TRMTMT PLT , 38.1692 , -79.0844 , Staunton , VA , United States
USC00448192 , SUFFOLK LAKE KILBY , 36.7297 , -76.6014 , Suffolk , VA , United States
USC00448829 , WALKERTON 2 NW , 37.7433 , -77.04 , Walkerton , VA , United States
USC00448894 , WARSAW 2 NW , 37.9881 , -76.7769 , Warsaw , VA , United States
USC00449025 , WEST POINT 2 NW , 37.5658 , -76.8 , West Point , VA , United States
USC00449151 , WILLIAMSBURG 2 N , 37.3017 , -76.7039 , Williamsburg , VA , United States
USC00449186 , WINCHESTER 7 SE , 39.1833 , -78.1167 , Winchester , VA , United States
USC00449215 , WISE 3E , 36.9986 , -82.5389 , Wise , VA , United States
USC00449263 , WOODSTOCK 2 NE , 38.8969 , -78.4678 , Woodstock , VA , United States
USC00449301 , WYTHEVILLE 1 S , 36.9292 , -81.0942 , Wytheville , VA , United States
USC00450176 , ANACORTES , 48.5119 , -122.6136 , Anacortes , WA , United States
USC00450482 , BATTLE GROUND , 45.7717 , -122.5286 , Battle Ground , WA , United States
USC00450668 , BICKLETON , 45.9981 , -120.3006 , Bickleton , WA , United States
USC00450729 , BLAINE , 48.9775 , -122.7928 , Blaine , WA , United States
USC00450872 , BREMERTON , 47.5689 , -122.6828 , Bremerton , WA , United States
USC00451233 , CEDAR LAKE , 47.4144 , -121.7561 , North Bend , WA , United States
USC00451350 , CHELAN , 47.8361 , -120.0381 , Chelan , WA , United States
USC00451395 , CHEWELAH , 48.2733 , -117.7408 , Chewelah , WA , United States
USC00451400 , CHIEF JOSEPH DAM , 47.9967 , -119.6483 , Bridgeport , WA , United States
USC00451484 , CLEARBROOK , 48.9672 , -122.3292 , Everson , WA , United States
USC00451504 , CLE ELUM , 47.1889 , -120.9131 , Cle Elum , WA , United States
USC00451630 , COLVILLE , 48.5472 , -117.9019 , Colville , WA , United States
USC00451666 , CONCONULLY , 48.5558 , -119.7492 , Okanogan , WA , United States
USC00451679 , CONCRETE PPL FISH STN , 48.5397 , -121.7422 , Concrete , WA , United States
USC00451760 , COUGAR 6 E , 46.0625 , -122.2042 , Ariel , WA , United States
USC00451767 , COULEE DAM 1 SW , 47.9544 , -118.9997 , Grand Coulee , WA , United States
USC00451783 , COUPEVILLE 1 S , 48.2072 , -122.6914 , Coupeville , WA , United States
USC00451992 , DARRINGTON RS , 48.26 , -121.6036 , Darrington , WA , United States
USC00452030 , DAYTON 1 WSW , 46.3153 , -118.0022 , Dayton , WA , United States
USC00452157 , DIABLO DAM , 48.7142 , -121.1431 , Rockport , WA , United States
USC00452505 , ELLENSBURG , 46.9692 , -120.54 , Ellensburg , WA , United States
USC00452531 , ELMA , 47.0092 , -123.4008 , Elma , WA , United States
USC00452548 , ELWHA RS , 48.0164 , -123.5906 , Port Angeles , WA , United States
USC00452675 , EVERETT , 47.9753 , -122.195 , Everett , WA , United States
USC00452914 , FORKS 1 E , 47.9558 , -124.3539 , Forks , WA , United States
USC00453222 , GOLDENDALE , 45.8081 , -120.8428 , Goldendale , WA , United States
USC00453320 , GRAYLAND , 46.8008 , -124.0864 , Grayland , WA , United States
USC00453529 , HARTLINE , 47.6856 , -119.1111 , Hartline , WA , United States
USC00453546 , HATTON 9 SE , 46.7225 , -118.6525 , Lind , WA , United States
USC00453883 , ICE HARBOR DAM , 46.2447 , -118.8786 , Burbank , WA , United States
USC00454154 , KENNEWICK , 46.2111 , -119.1011 , Kennewick , WA , United States
USC00454169 , KENT , 47.4172 , -122.2433 , Kent , WA , United States
USC00454338 , LACROSSE , 46.8167 , -117.8831 , LaCrosse , WA , United States
USC00454486 , LANDSBURG , 47.3767 , -121.9614 , Maple Valley , WA , United States
USC00454572 , LEAVENWORTH 3 S , 47.5586 , -120.675 , Leavenworth , WA , United States
USC00454679 , LIND 3 NE , 47.0022 , -118.5658 , Ritzville , WA , United States
USC00454769 , LONGVIEW , 46.1506 , -122.9164 , Kelso , WA , United States
USC00455224 , MC MILLIN RSVR , 47.1358 , -122.2558 , South Hill , WA , United States
USC00455525 , MONROE , 47.8453 , -121.9944 , Monroe , WA , United States
USC00455659 , MT ADAMS RS , 45.9997 , -121.5403 , Trout Lake , WA , United States
USC00455688 , MOXEE CITY 10 E , 46.5053 , -120.1678 , Moxee , WA , United States
USC00455704 , MUD MTN DAM , 47.1414 , -121.9356 , Enumclaw , WA , United States
USC00455840 , NEWHALEM , 48.6758 , -121.2419 , Rockport , WA , United States
USC00455946 , NORTHPORT , 48.8742 , -117.8667 , Kettle Falls , WA , United States
USC00456039 , ODESSA , 47.3328 , -118.6944 , Odessa , WA , United States
USC00456096 , OLGA 2 SE , 48.6117 , -122.8064 , Olga , WA , United States
USC00456262 , PACKWOOD , 46.6092 , -121.6744 , Packwood , WA , United States
USC00456295 , PALMER 3 ESE , 47.3058 , -121.8514 , Ravensdale , WA , United States
USC00456534 , PLAIN , 47.785 , -120.6456 , Leavenworth , WA , United States
USC00456610 , POMEROY , 46.4672 , -117.5883 , Pomeroy , WA , United States
USC00456747 , PRIEST RAPIDS DAM , 46.6461 , -119.9061 , Mattawa , WA , United States
USC00456768 , PROSSER , 46.2014 , -119.7581 , Prosser , WA , United States
USC00456789 , PULLMAN 2 NW , 46.7603 , -117.1861 , Pullman , WA , United States
USC00456846 , QUILCENE 2 SW , 47.8092 , -122.9136 , Quilcene , WA , United States
USC00456880 , QUINCY , 47.2236 , -119.8525 , Quincy , WA , United States
USC00456898 , RAINIER PARADISE RS , 46.7858 , -121.7425 , Ashford , WA , United States
USC00456974 , REPUBLIC , 48.6469 , -118.7314 , Republic , WA , United States
USC00457015 , RICHLAND , 46.3119 , -119.2633 , Richland , WA , United States
USC00457059 , RITZVILLE 1 SSE , 47.1178 , -118.3722 , Ritzville , WA , United States
USC00457180 , ROSALIA , 47.2325 , -117.3625 , Rosalia , WA , United States
USC00457507 , SEDRO WOOLLEY , 48.4958 , -122.2355 , Sedro-Woolley , WA , United States
USC00458034 , STARTUP 1 E , 47.8664 , -121.7175 , Sultan , WA , United States
USC00458059 , STEHEKIN 4 NW , 48.3508 , -120.7264 , Stehekin , WA , United States
USC00458207 , SUNNYSIDE , 46.3236 , -120.0103 , Sunnyside , WA , United States
USC00458773 , VANCOUVER 4 NNE , 45.6778 , -122.6511 , Vancouver , WA , United States
USC00458959 , WAPATO , 46.4353 , -120.4203 , Wapato , WA , United States
USC00459012 , WATERVILLE , 47.6497 , -120.08 , East Wenatchee , WA , United States
USC00459074 , WENATCHEE , 47.4289 , -120.31 , Wenatchee , WA , United States
USC00459238 , WILBUR , 47.7681 , -118.7239 , Wilbur , WA , United States
USC00459376 , WINTHROP 1 WSW , 48.4742 , -120.1886 , Winthrop , WA , United States
USC00460527 , BAYARD , 39.2728 , -79.3683 , Mount Storm , WV , United States
USC00460580 , BECKLEY VA HOSPITAL , 37.7647 , -81.1939 , Beckley , WV , United States
USC00460939 , BLUESTONE LAKE , 37.6411 , -80.8831 , Hinton , WV , United States
USC00461220 , BUCKHANNON , 38.9803 , -80.22 , Buckhannon , WV , United States
USC00461677 , CLARKSBURG 1 , 39.2683 , -80.3522 , Clarksburg , WV , United States
USC00462920 , FAIRMONT , 39.4667 , -80.1333 , Pleasant Valley , WV , United States
USC00463361 , GASSAWAY , 38.665 , -80.7672 , Gassaway , WV , United States
USC00463544 , GLENVILLE , 38.9339 , -80.8325 , Glenville , WV , United States
USC00463648 , GRANTSVILLE 1ESE , 38.91 , -81.0844 , Grantsville , WV , United States
USC00463846 , HAMLIN , 38.2794 , -82.1114 , Hamlin , WV , United States
USC00464200 , HOGSETT R.C. BYRD DAM , 38.6844 , -82.1836 , Apple Grove , WV , United States
USC00465224 , LEWISBURG 3 N , 37.8564 , -80.4042 , Lewisburg , WV , United States
USC00465353 , LOGAN , 37.8717 , -81.9947 , Logan , WV , United States
USC00465365 , LONDON LOCKS , 38.1947 , -81.3706 , Hansford , WV , United States
USC00465563 , MADISON 3NNW , 38.1025 , -81.8464 , Danville , WV , United States
USC00465963 , MIDDLEBOURNE 3 ESE , 39.4953 , -80.9047 , Middlebourne , WV , United States
USC00466163 , MOOREFIELD 1 SSE , 39.0461 , -78.9664 , Moorefield , WV , United States
USC00466212 , MORGANTOWN L&D , 39.6203 , -79.9697 , Morgantown , WV , United States
USC00466442 , NEW CUMBERLAND L/D , 40.5261 , -80.6275 , Toronto , OH , United States
USC00467029 , PINEVILLE , 37.5742 , -81.5356 , Pineville , WV , United States
USC00467552 , RIPLEY , 38.8172 , -81.7119 , Ripley , WV , United States
USC00467730 , ROMNEY 1 SW , 39.3389 , -78.7728 , Romney , WV , United States
USC00467785 , ROWLESBURG 1 , 39.3419 , -79.67 , Rowlesburg , WV , United States
USC00468384 , SPENCER , 38.8008 , -81.3583 , Spencer , WV , United States
USC00468777 , TERRA ALTA #1 , 39.4467 , -79.5469 , Terra Alta , WV , United States
USC00469281 , WARDENSVILLE RM FARM , 39.1139 , -78.5811 , Wardensville , WV , United States
USC00469522 , WHITE SULPHUR SPRINGS , 37.7889 , -80.3083 , White Sulphur Springs , WV , United States
USC00469683 , WINFIELD LOCKS , 38.5278 , -81.9153 , Eleanor , WV , United States
USC00470124 , ALMA DAM 4 , 44.3272 , -91.9194 , Alma , WI , United States
USC00470175 , AMERY , 45.3011 , -92.3631 , Amery , WI , United States
USC00470265 , APPLETON , 44.2769 , -88.4378 , Appleton , WI , United States
USC00470516 , BARABOO , 43.4583 , -89.7269 , Baraboo , WI , United States
USC00470696 , BELOIT , 42.5039 , -89.0311 , Beloit , WI , United States
USC00470904 , BLOOMER , 45.0956 , -91.4886 , Bloomer , WI , United States
USC00471078 , BRODHEAD , 42.6181 , -89.3861 , Brodhead , WI , United States
USC00471416 , CHARMANY FARM , 43.0597 , -89.4819 , Madison , WI , United States
USC00471568 , CHILTON , 44.0328 , -88.1469 , Chilton , WI , United States
USC00471676 , CLINTONVILLE , 44.6228 , -88.7483 , Clintonville , WI , United States
USC00471847 , COUDERAY 7 W , 45.8003 , -91.4594 , Stone Lake , WI , United States
USC00471897 , CRIVITZ HIGH FALLS , 45.3575 , -88.1919 , Athelstane , WI , United States
USC00471923 , CUMBERLAND , 45.5333 , -92.0222 , Cumberland , WI , United States
USC00472001 , DARLINGTON , 42.6781 , -90.1064 , Darlington , WI , United States
USC00472165 , DODGE , 44.1331 , -91.5511 , Arcadia , WI , United States
USC00472173 , DODGEVILLE , 42.9608 , -90.1161 , Dodgeville , WI , United States
USC00472556 , ELLSWORTH 1 E , 44.7303 , -92.4586 , Ellsworth , WI , United States
USC00472839 , FOND DU LAC , 43.7953 , -88.4533 , Fond du Lac , WI , United States
USC00472869 , FT ATKINSON , 42.905 , -88.8589 , Fort Atkinson , WI , United States
USC00473038 , GENOA DAM 8 , 43.5706 , -91.2294 , Genoa , WI , United States
USC00473058 , GERMANTOWN , 43.2389 , -88.1222 , Germantown , WI , United States
USC00473186 , GORDON , 46.245 , -91.8047 , Gordon , WI , United States
USC00473332 , SAXON 1WSW , 46.4858 , -90.4372 , Saxon , WI , United States
USC00473405 , HANCOCK EXP FARM , 44.1186 , -89.5358 , Hancock , WI , United States
USC00473453 , HARTFORD 2 W , 43.3311 , -88.4114 , Hartford , WI , United States
USC00473698 , HOLCOMBE , 45.2236 , -91.1269 , Holcombe , WI , United States
USC00474174 , KENOSHA , 42.5608 , -87.8156 , Kenosha , WI , United States
USC00474195 , KEWAUNEE , 44.4628 , -87.505 , Kewaunee , WI , United States
USC00474482 , LAKE MILLS , 43.0803 , -88.8967 , Lake Mills , WI , United States
USC00474546 , LANCASTER 4 WSW , 42.8278 , -90.7889 , Lancaster , WI , United States
USC00474582 , LAONA 6 SW , 45.5119 , -88.7594 , Laona , WI , United States
USC00474937 , LYNXVILLE DAM 9 , 43.2117 , -91.0986 , Eastman , WI , United States
USC00474953 , MADELINE ISLAND , 46.7781 , -90.7653 , La Pointe , WI , United States
USC00475017 , MANITOWOC , 44.0869 , -87.6522 , Manitowoc , WI , United States
USC00475091 , MARINETTE , 45.0983 , -87.6236 , Marinette , WI , United States
USC00475120 , MARSHFIELD EXP FARM , 44.6411 , -90.1333 , Marshfield , WI , United States
USC00475164 , MATHER 3 NW , 44.1747 , -90.3483 , Warrens , WI , United States
USC00475178 , MAUSTON 1 SE , 43.79 , -90.0597 , Mauston , WI , United States
USC00475255 , MEDFORD , 45.1308 , -90.3439 , Medford , WI , United States
USC00475286 , MELLEN 4 NE , 46.3689 , -90.6417 , Mellen , WI , United States
USC00475335 , MENOMONIE , 44.8742 , -91.9364 , Menomonie , WI , United States
USC00475364 , MERRILL , 45.1786 , -89.6617 , Merrill , WI , United States
USC00475474 , MILWAUKEE MT MARY CLG , 43.0719 , -88.0294 , Milwaukee , WI , United States
USC00475516 , MINOCQUA , 45.8864 , -89.7322 , Minocqua , WI , United States
USC00475563 , MONDOVI , 44.5647 , -91.6719 , Mondovi , WI , United States
USC00475581 , MONTELLO , 43.7806 , -89.3169 , Montello , WI , United States
USC00475808 , NEILLSVILLE 3ESE , 44.5378 , -90.535 , Neillsville , WI , United States
USC00475932 , NEW LONDON , 44.3589 , -88.7189 , New London , WI , United States
USC00476200 , OCONOMOWOC , 43.1003 , -88.5036 , Oconomowoc , WI , United States
USC00476208 , OCONTO 4 W , 44.8919 , -87.955 , Oconto , WI , United States
USC00476330 , OSHKOSH , 44.0206 , -88.5581 , Oshkosh , WI , United States
USC00476357 , OWEN 2N , 44.98 , -90.5545 , Owen , WI , United States
USC00476398 , PARK FALLS DNR HQ , 45.9336 , -90.4506 , Park Falls , WI , United States
USC00476678 , PLYMOUTH , 43.73 , -87.9714 , Plymouth , WI , United States
USC00476827 , PRAIRIE DU CHIEN , 43.0514 , -91.135 , Prairie du Chien , WI , United States
USC00476859 , PRENTICE #2 , 44.5447 , -90.3017 , Marshfield , WI , United States
USC00476922 , RACINE , 42.7022 , -87.7861 , Racine , WI , United States
USC00477052 , REEDSBURG , 43.5231 , -90.0003 , Reedsburg , WI , United States
USC00477092 , REST LAKE , 46.1222 , -89.8772 , Manitowish Waters , WI , United States
USC00477113 , RHINELANDER , 45.5986 , -89.4508 , Rhinelander , WI , United States
USC00477132 , RICE LAKE , 45.4164 , -91.7719 , Cameron , WI , United States
USC00477158 , RICHLAND CTR , 43.3314 , -90.3889 , Richland Center , WI , United States
USC00477226 , RIVER FALLS , 44.8542 , -92.6122 , River Falls , WI , United States
USC00477349 , ROSHOLT 9 NNE , 44.7511 , -89.245 , Wittenberg , WI , United States
USC00477464 , ST CROIX FALLS , 45.4117 , -92.6464 , Saint Croix Falls , WI , United States
USC00477708 , SHAWANO 2SSW , 44.7631 , -88.6183 , Shawano , WI , United States
USC00477892 , SOLON SPRINGS , 46.3575 , -91.8317 , Solon Springs , WI , United States
USC00477997 , SPARTA , 43.9364 , -90.8164 , Sparta , WI , United States
USC00478027 , SPOONER AG RES STN , 45.8236 , -91.8761 , Spooner , WI , United States
USC00478110 , STANLEY WWTP , 44.9528 , -90.9269 , Stanley , WI , United States
USC00478171 , STEVENS POINT , 44.5114 , -89.5856 , Stevens Point , WI , United States
USC00478229 , STOUGHTON , 42.9108 , -89.2133 , Stoughton , WI , United States
USC00478267 , STURGEON BAY EXP FARM , 44.8797 , -87.3356 , Sturgeon Bay , WI , United States
USC00478589 , TREMPEALEAU DAM 6 , 43.9994 , -91.4378 , Trempealeau , WI , United States
USC00478827 , VIROQUA , 43.5594 , -90.8761 , Viroqua , WI , United States
USC00478905 , WASHINGTON IS , 45.3581 , -86.8911 , Washington , WI , United States
USC00478919 , WATERTOWN , 43.1742 , -88.7364 , Watertown , WI , United States
USC00478937 , WAUKESHA , 43.0064 , -88.2492 , Waukesha , WI , United States
USC00478951 , WAUPACA , 44.3547 , -89.0592 , Waupaca , WI , United States
USC00479190 , WHITEWATER , 42.8508 , -88.7247 , Whitewater , WI , United States
USC00479236 , WILLOW RSVR , 45.7081 , -89.8489 , Hazelhurst , WI , United States
USC00479304 , WINTER , 45.8833 , -91.07 , Winter , WI , United States
USC00479319 , WISCONSIN DELLS , 43.6089 , -89.7667 , Wisconsin Dells , WI , United States
USC00479335 , WISCONSIN RAPIDS , 44.3881 , -89.8056 , Wisconsin Rapids , WI , United States
USC00480027 , AFTON , 42.7292 , -110.9297 , Afton , WY , United States
USC00480140 , ALTA 1 NNW , 43.7728 , -111.0339 , Moose , WY , United States
USC00480540 , BASIN , 44.38 , -108.035 , Basin , WY , United States
USC00480865 , BONDURANT , 43.2278 , -110.4358 , Bondurant , WY , United States
USC00481000 , BOYSEN DAM , 43.4053 , -108.1633 , Shoshoni , WY , United States
USC00481175 , BUFFALO BILL DAM , 44.5075 , -109.1675 , Cody , WY , United States
USC00481730 , CHUGWATER , 41.7594 , -104.8222 , Chugwater , WY , United States
USC00481736 , CHURCH BUTTES GAS PLT , 41.3975 , -110.0856 ,  , WY , United States
USC00481816 , CLEARMONT 5 SW , 44.5781 , -106.4472 , Clearmont , WY , United States
USC00481840 , CODY , 44.5147 , -109.045 , Cody , WY , United States
USC00482135 , CRANDALL CREEK , 44.8675 , -109.6436 , Cody , WY , United States
USC00482415 , DEAVER , 44.8919 , -108.5931 , Deaver , WY , United States
USC00482466 , DEVILS TWR #2 , 44.5833 , -104.7147 , Devils Tower , WY , United States
USC00482580 , DILLINGER , 44.0992 , -105.1175 , Rozet , WY , United States
USC00482685 , DOUGLAS 1 SE , 42.7467 , -105.3603 , Douglas , WY , United States
USC00482725 , DULL CTR 1SE , 43.4117 , -104.9614 , Douglas , WY , United States
USC00482995 , ELK MTN , 41.6878 , -106.4136 , Elk Mountain , WY , United States
USC00483031 , EMBLEM , 44.4972 , -108.3906 , Emblem , WY , United States
USC00483100 , EVANSTON 1 E , 41.265 , -110.9508 , Evanston , WY , United States
USC00483170 , FARSON 5N , 42.1867 , -109.4453 , Farson , WY , United States
USC00483855 , GILLETTE 4SE , 44.2644 , -105.4919 , Gillette , WY , United States
USC00483950 , GLENROCK 5 ESE , 42.8267 , -105.7878 , Glenrock , WY , United States
USC00484065 , GREEN RIVER , 41.5167 , -109.4703 , Green River , WY , United States
USC00484760 , HULETT , 44.6856 , -104.6028 , Hulett , WY , United States
USC00485055 , KAYCEE , 43.7144 , -106.6375 , Kaycee , WY , United States
USC00485105 , KEMMERER 2N , 41.8172 , -110.5328 , Frontier , WY , United States
USC00485345 , LAKE YELLOWSTONE , 44.5619 , -110.3986 , Yellowstone National Park , WY , United States
USC00485770 , LOVELL , 44.8375 , -108.4042 , Lovell , WY , United States
USC00486120 , MEDICINE BOW , 41.8969 , -106.2061 , Medicine Bow , WY , United States
USC00486195 , MIDWEST , 43.4131 , -106.2772 , Midwest , WY , United States
USC00486428 , MOOSE , 43.6536 , -110.7169 , Moose , WY , United States
USC00486440 , MORAN 5WNW , 43.8567 , -110.5889 , Alta , WY , United States
USC00486660 , NEWCASTLE , 43.8497 , -104.1886 , Newcastle , WY , United States
USC00487105 , PATHFINDER DAM , 42.4717 , -106.8528 , Alcova , WY , United States
USC00487115 , PAVILLION , 43.2458 , -108.6942 , Pavillion , WY , United States
USC00487200 , PHILLIPS , 41.6264 , -104.4936 , La Grange , WY , United States
USC00487260 , PINEDALE , 42.8747 , -109.8592 , Pinedale , WY , United States
USC00487555 , REDBIRD , 43.245 , -104.2881 , Lusk , WY , United States
USC00488160 , SHERIDAN FLD STA , 44.8406 , -106.8383 , Sheridan , WY , United States
USC00488315 , SNAKE RIVER , 44.1333 , -110.6658 , Moran , WY , United States
USC00488705 , SUNDANCE , 44.4122 , -104.3567 , Sundance , WY , United States
USC00488858 , TENSLEEP 16SSE , 43.8111 , -107.3653 ,  , WY , United States
USC00488875 , THERMOPOLIS , 43.6483 , -108.2036 , Thermopolis , WY , United States
USC00489025 , TOWER FALLS , 44.9167 , -110.4203 , Yellowstone National Park , WY , United States
USC00489205 , UPTON , 44.0928 , -104.6114 , Upton , WY , United States
USC00489604 , WHALEN DAM USBR , 42.2494 , -104.6281 , Fort Laramie , WY , United States
USC00489615 , WHEATLAND 4 N , 42.1106 , -104.9492 , Wheatland , WY , United States
USC00489905 , YELLOWSTONE PK MAMMOTH , 44.9767 , -110.6964 , Yellowstone National Park , WY , United States
USC00500363 , ANNEX CREEK , 58.3183 , -134.1003 , Juneau , AK , United States
USC00500657 , BEAVER FALLS , 55.38 , -131.4683 , Ketchikan , AK , United States
USC00501987 , CIRCLE HOT SPRINGS , 65.4939 , -144.6422 , Central , AK , United States
USC00502107 , COLLEGE OBSY , 64.8603 , -147.8483 , Fairbanks , AK , United States
USC00502173 , CORDOVA NORTH , 60.5561 , -145.7531 , Cordova , AK , United States
USC00502587 , DUTCH HARBOR , 53.895 , -166.5433 , Unalaska , AK , United States
USC00502607 , EAGLE , 64.7856 , -141.2036 , Eagle , AK , United States
USC00504812 , KITOI BAY , 58.1914 , -152.3722 , Kodiak , AK , United States
USC00505519 , LITTLE PORT WALTER , 56.3831 , -134.6497 , Port Alexander , AK , United States
USC00505644 , MANLEY HOT SPRINGS , 64.9989 , -150.638 , Manley Hot Springs , AK , United States
USC00505733 , MATANUSKA EXPERIMENT FARM , 61.5664 , -149.2542 , Palmer , AK , United States
USC00505778 , MCKINLEY PARK , 63.7175 , -148.9692 , Denali National Park and Preserve , AK , United States
USC00505881 , MINCHUMINA , 63.9033 , -152.2817 , Lake Minchumina , AK , United States
USC00506870 , PALMER JOB CORPS , 61.5889 , -149.0992 , Palmer , AK , United States
USC00507557 , PORT ALEXANDER , 56.2472 , -134.6447 , Port Alexander , AK , United States
USC00507783 , PUNTILLA , 62.0911 , -152.735 , Skwentna , AK , United States
USC00509313 , TOK , 63.3336 , -143.0372 , Tok , AK , United States
USC00509641 , UNIVERSITY EXP STN , 64.8569 , -147.8611 , Fairbanks , AK , United States
USC00511004 , HALEAKALA RS 338 , 20.7603 , -156.2469 , Kula , HI , United States
USC00511125 , HANA AP 355 , 20.7947 , -156.0153 , Hna , HI , United States
USC00511303 , HAWAII VOL NP HQ 54 , 19.4297 , -155.2561 , Mountain View , HI , United States
USC00512679 , KAILUA 446 , 20.8906 , -156.2128 ,  , HI , United States
USC00512751 , KAINALIU 73.2 , 19.5336 , -155.9258 , Kealakekua , HI , United States
USC00513099 , KANALOHULUHULU 1075 , 22.1297 , -159.6586 , Waimea , HI , United States
USC00514561 , KILAUEA 1134 , 22.2139 , -159.4044 , Kilauea , HI , United States
USC00516198 , MAUNA LOA SLOPE OBS 39 , 19.5361 , -155.5767 , Waimea , HI , United States
USC00517150 , OPAEULA 870 , 21.5739 , -158.0378 , Wahiaw , HI , United States
USC00517166 , OPIHIHALE NO 2 24.1 , 19.2706 , -155.8747 , Captain Cook , HI , United States
USW00003103 , FLAGSTAFF PULLIAM AP , 35.1442 , -111.6664 , Flagstaff , AZ , United States
USW00003104 , DESERT RESORTS RGNL AP , 33.6267 , -116.1594 , Thermal , CA , United States
USW00003122 , TORRANCE AP , 33.8017 , -118.3411 , Torrance , CA , United States
USW00003125 , YUMA PROVING GROUND , 32.8356 , -114.3942 ,  , AZ , United States
USW00003164 , CAMPO , 32.6233 , -116.4728 , Campo , CA , United States
USW00003804 , PARKERSBURG WOOD CO AP , 39.345 , -81.4392 , Williamstown , WV , United States
USW00003809 , DYERSBURG III GOLF , 36.0003 , -89.41 , Dyersburg , TN , United States
USW00003810 , HICKORY FAA AP , 35.7425 , -81.3819 , Hickory , NC , United States
USW00003811 , JACKSON MCKELLAR AP , 35.5931 , -88.9167 , Denmark , TN , United States
USW00003812 , ASHEVILLE RGNL AP , 35.4319 , -82.5375 , Fletcher , NC , United States
USW00003813 , MACON MIDDLE GA RGNL AP , 32.6847 , -83.6528 , Macon , GA , United States
USW00003816 , PADUCAH , 37.0683 , -88.7719 , West Paducah , KY , United States
USW00003820 , AUGUSTA BUSH FLD AP , 33.3644 , -81.9633 , Augusta , GA , United States
USW00003822 , SAVANNAH INTL AP , 32.13 , -81.21 , Savannah , GA , United States
USW00003841 , OAK RIDGE ATDD , 36.0028 , -84.2486 , Oak Ridge , TN , United States
USW00003847 , CROSSVILLE MEM AP , 35.9508 , -85.0814 , Crossville , TN , United States
USW00003849 , LONDON CORBIN AP , 37.0872 , -84.0769 , London , KY , United States
USW00003853 , MAYPORT PILOT STN , 30.4 , -81.4167 , Jacksonville , FL , United States
USW00003855 , PENSACOLA FOREST SHERMAN NAS , 30.35 , -87.3167 , Pensacola , FL , United States
USW00003856 , HUNTSVILLE INTL AP , 34.6439 , -86.7861 , Madison , AL , United States
USW00003859 , BLUEFIELD MERCER CO AP , 37.2958 , -81.2078 , Bluefield , WV , United States
USW00003904 , COLLEGE STN , 30.5892 , -96.3647 , College Station , TX , United States
USW00003919 , SALINA MUNI AP , 38.8 , -97.65 , Salina , KS , United States
USW00003927 , DALLAS FT WORTH AP , 32.8978 , -97.0189 , Irving , TX , United States
USW00003959 , BARTLESVILLE F P FLD , 36.7683 , -96.0261 , Bartlesville , OK , United States
USW00003969 , STEPHENVILLE , 32.2314 , -98.2319 , Stephenville , TX , United States
USW00004725 , BINGHAMTON , 42.1997 , -75.985 , Binghamton , NY , United States
USW00004751 , BRADFORD RGNL AP , 41.8031 , -78.6403 , Lewis Run , PA , United States
USW00012815 , ORLANDO INTL AP , 28.4339 , -81.325 , Orlando , FL , United States
USW00012834 , DAYTONA BEACH INTL AP , 29.1828 , -81.0483 , Daytona Beach , FL , United States
USW00012835 , FT MYERS PAGE FLD AP , 26.585 , -81.8614 , Fort Myers , FL , United States
USW00012836 , KEY WEST INTL AP , 24.555 , -81.7522 , Key West , FL , United States
USW00012839 , MIAMI INTL AP , 25.7906 , -80.3164 , Miami , FL , United States
USW00012841 , ORLANDO EXECUTIVE AP , 28.5453 , -81.3331 , Orlando , FL , United States
USW00012842 , TAMPA INTL AP , 27.9619 , -82.5403 , Tampa , FL , United States
USW00012843 , VERO BEACH INTL AP , 27.6531 , -80.2428 , Vero Beach , FL , United States
USW00012844 , WEST PALM BEACH INTL AP , 26.6847 , -80.0994 , West Palm Beach , FL , United States
USW00012850 , KEY WEST NAS , 24.5833 , -81.6833 , Key West , FL , United States
USW00012912 , VICTORIA RGNL AP , 28.8614 , -96.9303 , Victoria , TX , United States
USW00012916 , NEW ORLEANS INTL AP , 29.9933 , -90.2511 , Kenner , LA , United States
USW00012917 , PORT ARTHUR SE TX AP , 29.9506 , -94.0206 , Beaumont , TX , United States
USW00012918 , HOUSTON HOBBY AP , 29.6381 , -95.2819 , Houston , TX , United States
USW00012919 , BROWNSVILLE , 25.9156 , -97.4186 , Brownsville , TX , United States
USW00012921 , SAN ANTONIO INTL AP , 29.5442 , -98.4839 , San Antonio , TX , United States
USW00012924 , CORPUS CHRISTI , 27.7839 , -97.5108 , Corpus Christi , TX , United States
USW00012926 , CORPUS CHRISTI NAS , 27.6833 , -97.2833 , Corpus Christi , TX , United States
USW00012928 , KINGSVILLE NAAS , 27.5 , -97.8167 , Kingsville , TX , United States
USW00012930 , NEW ORLEANS AUDUBON , 29.9167 , -90.1303 , New Orleans , LA , United States
USW00012935 , PALACIOS MUNI AP , 28.7247 , -96.2536 , Palacios , TX , United States
USW00012947 , COTULLA LA SALLE CO AP , 28.4567 , -99.2183 , Cotulla , TX , United States
USW00013701 , ABERDEEN PHILLIPS FLD , 39.4717 , -76.1697 , Aberdeen Proving Ground , MD , United States
USW00013721 , PATUXENT RIVER NAS , 38.3 , -76.4167 , Patuxent River , MD , United States
USW00013722 , RALEIGH DURHAM INTL AP , 35.8922 , -78.7819 , Morrisville , NC , United States
USW00013723 , PIEDMONT TRIAD INTL AP , 36.0969 , -79.9433 , Greensboro , NC , United States
USW00013724 , ATLANTIC CITY , 39.3792 , -74.4242 , Atlantic City , NJ , United States
USW00013729 , ELKINS RANDOLPH CO AP , 38.8853 , -79.8528 , Elkins , WV , United States
USW00013733 , LYNCHBURG RGNL AP , 37.3208 , -79.2067 , Lynchburg , VA , United States
USW00013734 , MARTINSBURG E WV RGNL AP , 39.4019 , -77.9844 ,  , WV , United States
USW00013735 , MILLVILLE MUNI AP , 39.3667 , -75.0667 , Millville , NJ , United States
USW00013736 , MORGANTOWN HART FLD , 39.6428 , -79.9164 , Morgantown , WV , United States
USW00013737 , NORFOLK INTL AP , 36.9033 , -76.1922 , Virginia Beach , VA , United States
USW00013739 , PHILADELPHIA INTL AP , 39.8683 , -75.2311 , Philadelphia , PA , United States
USW00013740 , RICHMOND INTL AP , 37.505 , -77.3203 , Richmond , VA , United States
USW00013741 , ROANOKE RGNL AP , 37.3169 , -79.9742 , Roanoke , VA , United States
USW00013743 , WASHINGTON REAGAN AP , 38.8483 , -77.0342 , Arlington , VA , United States
USW00013744 , FLORENCE RGNL AP , 34.1853 , -79.7239 , Florence , SC , United States
USW00013748 , WILMINGTON INTL AP , 34.2675 , -77.8997 , Wilmington , NC , United States
USW00013750 , NORFOLK NAS , 36.95 , -76.2833 , Norfolk , VA , United States
USW00013754 , CHERRY POINT MCAS , 34.9 , -76.8833 , Havelock , NC , United States
USW00013769 , OCEANA NAS , 36.8167 , -76.0333 , Virginia Beach , VA , United States
USW00013773 , QUANTICO MCAS , 38.5 , -77.3 , Quantico , VA , United States
USW00013781 , WILMINGTON NEW CASTLE CO AP , 39.6728 , -75.6008 , New Castle , DE , United States
USW00013782 , CHARLESTON CITY , 32.78 , -79.9319 , Charleston , SC , United States
USW00013786 , ELIZABETH CITY CGAS , 36.2606 , -76.175 , Elizabeth City , NC , United States
USW00013802 , BELLEVILLE SIU RSCH , 38.52 , -89.8467 , Belleville , IL , United States
USW00013838 , MOBILE DWTN AP , 30.6264 , -88.0681 , Mobile , AL , United States
USW00013865 , MERIDIAN KEY FLD , 32.3347 , -88.7442 , Meridian , MS , United States
USW00013866 , CHARLESTON YEAGER AP , 38.3794 , -81.59 , Charleston , WV , United States
USW00013867 , PARKERSBURG , 39.2811 , -81.5572 , Parkersburg , WV , United States
USW00013870 , ALMA BACON CO AP , 31.5358 , -82.5067 , Alma , GA , United States
USW00013871 , ANNISTON METRO AP , 33.5872 , -85.8556 , Oxford , AL , United States
USW00013872 , ASHEVILLE , 35.5953 , -82.5567 , Asheville , NC , United States
USW00013873 , ATHENS BEN EPPS AP , 33.9481 , -83.3275 , Athens , GA , United States
USW00013874 , ATLANTA HARTSFIELD INTL AP , 33.63 , -84.4417 , College Park , GA , United States
USW00013876 , BIRMINGHAM AP , 33.5656 , -86.745 , Birmingham , AL , United States
USW00013877 , BRISTOL TRI CITY AP , 36.4731 , -82.4044 , Blountville , TN , United States
USW00013878 , BRUNSWICK MALCOLM MCKINNON AP , 31.1522 , -81.3908 , Saint Simons Island , GA , United States
USW00013880 , CHARLESTON INTL AP , 32.8986 , -80.0403 , North Charleston , SC , United States
USW00013881 , CHARLOTTE DOUGLAS AP , 35.2236 , -80.9553 , Charlotte , NC , United States
USW00013882 , CHATTANOOGA LOVELL AP , 35.0311 , -85.2014 , Chattanooga , TN , United States
USW00013883 , COLUMBIA , 33.9486 , -81.1186 , West Columbia , SC , United States
USW00013884 , CRESTVIEW BOB SIKES AP , 30.7797 , -86.5225 , Crestview , FL , United States
USW00013889 , JACKSONVILLE , 30.4844 , -81.7019 , Jacksonville , FL , United States
USW00013891 , KNOXVILLE MCGHEE TYSON AP , 35.8181 , -83.9858 , Alcoa , TN , United States
USW00013893 , MEMPHIS INTL AP , 35.0564 , -89.9864 , Memphis , TN , United States
USW00013894 , MOBILE , 30.6794 , -88.2397 ,  , AL , United States
USW00013895 , MONTGOMERY AP , 32.2997 , -86.4075 , Hope Hull , AL , United States
USW00013896 , MUSCLE SHOALS RGNL AP , 34.7442 , -87.5997 , Muscle Shoals , AL , United States
USW00013897 , NASHVILLE INTL AP , 36.1189 , -86.6892 , Nashville , TN , United States
USW00013899 , PENSACOLA RGNL AP , 30.4781 , -87.1869 , Pensacola , FL , United States
USW00013904 , AUSTIN BERGSTROM AP , 30.1831 , -97.68 , Austin , TX , United States
USW00013911 , FT WORTH NAS , 32.7667 , -97.45 , White Settlement , TX , United States
USW00013920 , TOPEKA FORBES FLD , 38.9503 , -95.6639 ,  , KS , United States
USW00013942 , MONROE RGNL AP , 32.5156 , -92.0406 , Monroe , LA , United States
USW00013957 , SHREVEPORT , 32.4506 , -93.8411 , Shreveport , LA , United States
USW00013958 , AUSTIN-CAMP MABRY , 30.3208 , -97.7603 , Austin , TX , United States
USW00013959 , WACO RGNL AP , 31.6189 , -97.2283 , Waco , TX , United States
USW00013960 , DALLAS LOVE FLD , 32.8519 , -96.8556 , Dallas , TX , United States
USW00013962 , ABILENE RGNL AP , 32.4106 , -99.6822 , Abilene , TX , United States
USW00013963 , LITTLE ROCK AP ADAMS FLD , 34.7272 , -92.2389 , Little Rock , AR , United States
USW00013964 , FT SMITH RGNL AP , 35.3331 , -94.3625 , Fort Smith , AR , United States
USW00013966 , WICHITA FALLS MUNI AP , 33.9786 , -98.4928 , Sheppard Air Force Base , TX , United States
USW00013967 , OKLAHOMA CITY WILL ROGERS AP , 35.3889 , -97.6006 , Oklahoma City , OK , United States
USW00013968 , TULSA INTL AP , 36.1994 , -95.8872 , Tulsa , OK , United States
USW00013969 , PONCA CITY MUNI AP , 36.7367 , -97.1019 , Ponca City , OK , United States
USW00013970 , BATON ROUGE RYAN AP , 30.5372 , -91.1469 , Baton Rouge , LA , United States
USW00013971 , HARRISON BOONE CO AP , 36.2667 , -93.1567 , Harrison , AR , United States
USW00013973 , JUNCTION KIMBLE CO AP , 30.5108 , -99.7664 , Junction , TX , United States
USW00013975 , GAGE AP , 36.2967 , -99.7689 , Gage , OK , United States
USW00013976 , LAFAYETTE RGNL AP , 30.205 , -91.9875 , Lafayette , LA , United States
USW00013977 , TEXARKANA WEBB FLD , 33.4536 , -94.0075 , Texarkana , AR , United States
USW00013978 , GREENWOOD LEFLORE AP , 33.4964 , -90.0867 , Greenwood , MS , United States
USW00013980 , ANTHONY , 37.155 , -98.0283 , Anthony , KS , United States
USW00013981 , CHANUTE MARTIN JOHNSON AP , 37.6703 , -95.4842 , Chanute , KS , United States
USW00013984 , CONCORDIA MUNI AP , 39.5514 , -97.6508 , Concordia , KS , United States
USW00013985 , DODGE CITY , 37.7608 , -99.9683 , Dodge City , KS , United States
USW00013987 , JOPLIN REGIONAL AIRPORT , 37.1467 , -94.5022 , Webb City , MO , United States
USW00013988 , KANSAS CITY DOWNTOWN AP , 39.1208 , -94.5969 , North Kansas City , MO , United States
USW00013989 , EMPORIA MUNI AP , 38.3306 , -96.1897 , Emporia , KS , United States
USW00013991 , MARSHALL , 39.1342 , -93.2225 , Marshall , MO , United States
USW00013993 , ST JOSEPH ROSECRANS AP , 39.7736 , -94.9233 , Saint Joseph , MO , United States
USW00013994 , ST LOUIS LAMBERT INTL AP , 38.7525 , -90.3736 , Bridgeton , MO , United States
USW00013996 , TOPEKA MUNI AP , 39.0725 , -95.6261 , Topeka , KS , United States
USW00013997 , VICHY ROLLA NATIONAL AP , 38.1311 , -91.7683 , Vichy , MO , United States
USW00014605 , AUGUSTA STATE AP , 44.3206 , -69.7972 , Augusta , ME , United States
USW00014606 , BANGOR INTL AP , 44.7978 , -68.8186 , Bangor , ME , United States
USW00014607 , CARIBOU MUNI AP , 46.8706 , -68.0172 , Caribou , ME , United States
USW00014609 , HOULTON INTL AP , 46.1236 , -67.7928 , Houlton , ME , United States
USW00014610 , MILLINOCKET MUNI AP , 45.6478 , -68.6925 , Millinocket , ME , United States
USW00014702 , BEDFORD HANSCOM FLD , 42.47 , -71.2894 , Concord , MA , United States
USW00014711 , MIDDLETOWN HARRISBURG INTL AP , 40.1936 , -76.7633 , Middletown , PA , United States
USW00014719 , WESTHAMPTN GABRESKI AP , 40.8436 , -72.6322 , Westhampton , NY , United States
USW00014732 , NEW YORK LAGUARDIA AP , 40.7794 , -73.8803 ,  , NY , United States
USW00014733 , BUFFALO , 42.9486 , -78.7369 , Cheektowaga , NY , United States
USW00014734 , NEWARK INTL AP , 40.6825 , -74.1694 , Elizabeth , NJ , United States
USW00014735 , ALBANY AP , 42.7431 , -73.8092 , Latham , NY , United States
USW00014736 , ALTOONA BLAIR CO AP , 40.2964 , -78.3203 , Martinsburg , PA , United States
USW00014737 , ALLENTOWN INTL AP , 40.6508 , -75.4492 , Catasauqua , PA , United States
USW00014739 , BOSTON LOGAN INTL AP , 42.3606 , -71.0106 , Boston , MA , United States
USW00014740 , HARTFORD BRADLEY INTL AP , 41.9381 , -72.6825 , Windsor Locks , CT , United States
USW00014742 , BURLINGTON INTL AP , 44.4683 , -73.15 , South Burlington , VT , United States
USW00014743 , CANTON 4 SE , 44.5772 , -75.1097 , Canton , NY , United States
USW00014745 , CONCORD MUNI AP , 43.1953 , -71.5011 , Concord , NH , United States
USW00014750 , GLENS FALLS AP , 43.35 , -73.6167 , Queensbury , NY , United States
USW00014751 , HARRISBURG CPTL CY AP , 40.2172 , -76.8514 , New Cumberland , PA , United States
USW00014752 , HARTFORD BRAINARD FLD , 41.7361 , -72.6506 , Hartford , CT , United States
USW00014755 , MT WASHINGTON , 44.2667 , -71.2994 , Jackson , NH , United States
USW00014756 , NANTUCKET MEM AP , 41.2531 , -70.0608 , Nantucket , MA , United States
USW00014757 , POUGHKEEPSIE DUTCHESS CO AP , 41.6267 , -73.8842 , Wappingers Falls , NY , United States
USW00014758 , NEW HAVEN TWEED AP , 41.2639 , -72.8872 , New Haven , CT , United States
USW00014763 , PITTSFIELD MUNI AP , 42.4272 , -73.2892 , Pittsfield , MA , United States
USW00014764 , PORTLAND INTL JETPORT , 43.6497 , -70.3003 , Portland , ME , United States
USW00014765 , PROVIDENCE T F GREEN AP , 41.7219 , -71.4325 , Warwick , RI , United States
USW00014768 , ROCHESTER GTR INTL AP , 43.1167 , -77.6767 , Rochester , NY , United States
USW00014771 , SYRACUSE HANCOCK INTL AP , 43.1111 , -76.1039 , Syracuse , NY , United States
USW00014777 , WILKES-BARRE INTL AP , 41.3336 , -75.7269 , Pittston , PA , United States
USW00014778 , WILLIAMSPORT , 41.2433 , -76.9217 , Montoursville , PA , United States
USW00014804 , MT CLEMENS ANG BASE , 42.6083 , -82.8183 , Harrison charter Township , MI , United States
USW00014806 , RANTOUL , 40.3131 , -88.1594 , Rantoul , IL , United States
USW00014814 , ALPENA WWTP , 45.0606 , -83.4281 , Alpena , MI , United States
USW00014817 , CADILLAC , 44.2656 , -85.3967 , Cadillac , MI , United States
USW00014820 , CLEVELAND , 41.4131 , -81.86 , Cleveland , OH , United States
USW00014821 , COLUMBUS PORT COLUMBUS INTL AP , 39.9914 , -82.8808 , Columbus , OH , United States
USW00014822 , DETROIT CITY AP , 42.4092 , -83.01 , Detroit , MI , United States
USW00014825 , FINDLAY AP , 41.0136 , -83.6686 , Findlay , OH , United States
USW00014826 , FLINT BISHOP INTL AP , 42.9667 , -83.7494 , Flint , MI , United States
USW00014827 , FT WAYNE INTL AP , 40.9706 , -85.2064 , Fort Wayne , IN , United States
USW00014828 , GLADWIN , 43.9758 , -84.4908 , Gladwin , MI , United States
USW00014833 , JACKSON REYNOLDS FLD , 42.2667 , -84.4667 , Jackson , MI , United States
USW00014835 , LAFAYETTE PURDUE UNIV AP , 40.4122 , -86.9369 , West Lafayette , IN , United States
USW00014836 , LANSING CAPITAL CITY AP , 42.7803 , -84.5789 , Lansing , MI , United States
USW00014837 , MADISON DANE RGNL AP , 43.1406 , -89.3453 , Madison , WI , United States
USW00014839 , MILWAUKEE MITCHELL AP , 42.955 , -87.9044 , Milwaukee , WI , United States
USW00014840 , MUSKEGON CO AP , 43.1711 , -86.2367 , Norton Shores , MI , United States
USW00014841 , PELLSTON RGNL AP , 45.5644 , -84.7928 , Pellston , MI , United States
USW00014842 , PEORIA GTR PEORIA AP , 40.6675 , -89.6839 , Peoria , IL , United States
USW00014845 , SAGINAW MBS INTL AP , 43.5331 , -84.0797 , Freeland , MI , United States
USW00014846 , SANDUSKY , 41.45 , -82.7167 , Sandusky , OH , United States
USW00014847 , SAULT STE MARIE SANDERSON FLD , 46.4794 , -84.3572 , Sault Ste. Marie , MI , United States
USW00014848 , SOUTH BEND MICHIANA RGNL AP , 41.7072 , -86.3164 , South Bend , IN , United States
USW00014850 , TRAVERSE CITY CHERRY CPTL AP , 44.7408 , -85.5825 , Traverse City , MI , United States
USW00014852 , YOUNGSTOWN RGNL AP , 41.2544 , -80.6739 , Vienna Center , OH , United States
USW00014853 , DETROIT WILLOW RUN AP , 42.2333 , -83.5333 , Van Buren charter Township , MI , United States
USW00014858 , HANCOCK HOUGHTON CO AP , 47.1686 , -88.4889 , Hancock , MI , United States
USW00014860 , ERIE INTL AP , 42.08 , -80.1825 , Erie , PA , United States
USW00014891 , MANSFIELD LAHM MUNI AP , 40.8203 , -82.5178 , Mansfield , OH , United States
USW00014895 , AKRON CANTON RGNL AP , 40.9167 , -81.4333 , North Canton , OH , United States
USW00014897 , WAUSAU DWTN AP , 44.9258 , -89.6256 , Wausau , WI , United States
USW00014898 , GREEN BAY , 44.4983 , -88.1111 , Green Bay , WI , United States
USW00014910 , ALEXANDRIA MUNI AP , 45.8678 , -95.3942 , Alexandria , MN , United States
USW00014912 , DEVILS LAKE KDLR , 48.1069 , -98.8681 , Devils Lake , ND , United States
USW00014913 , DULUTH , 46.8369 , -92.2097 , Hermantown , MN , United States
USW00014914 , FARGO HECTOR INTL AP , 46.9253 , -96.8111 , Fargo , ND , United States
USW00014916 , GRAND FORKS INTL AP , 47.9428 , -97.1839 , Grand Forks , ND , United States
USW00014918 , INTL FALLS INTL AP , 48.5614 , -93.3981 , International Falls , MN , United States
USW00014919 , JAMESTOWN MUNI AP , 46.9258 , -98.6692 , Jamestown , ND , United States
USW00014920 , LA CROSSE MUNI AP , 43.8789 , -91.2528 , La Crosse , WI , United States
USW00014921 , LONE ROCK TRI CO AP , 43.2119 , -90.1814 , Spring Green , WI , United States
USW00014922 , MINNEAPOLIS/ST PAUL AP , 44.8831 , -93.2289 , Saint Paul , MN , United States
USW00014923 , MOLINE QUAD CITY INTL AP , 41.4653 , -90.5233 , Moline , IL , United States
USW00014924 , PEMBINA , 48.9711 , -97.2417 , Pembina , ND , United States
USW00014925 , ROCHESTER INTL AP , 43.9042 , -92.4917 , Rochester , MN , United States
USW00014926 , ST CLOUD RGNL AP , 45.5433 , -94.0514 , Saint Cloud , MN , United States
USW00014929 , ABERDEEN , 45.4558 , -98.4131 , Aberdeen , SD , United States
USW00014931 , BURLINGTON MUNI AP , 40.7833 , -91.1253 , Burlington , IA , United States
USW00014933 , DES MOINES INTL AP , 41.5339 , -93.6531 , Des Moines , IA , United States
USW00014935 , GRAND ISLAND AP , 40.9611 , -98.3136 , Grand Island , NE , United States
USW00014936 , HURON RGNL AP , 44.3981 , -98.2231 , Huron , SD , United States
USW00014938 , KIRKSVILLE RGNL AP , 40.0972 , -92.5433 , Kirksville , MO , United States
USW00014939 , LINCOLN MUNI AP , 40.8508 , -96.7475 , Lincoln , NE , United States
USW00014940 , MASON CITY MUNI AP , 43.1544 , -93.3269 , Clear Lake , IA , United States
USW00014941 , NORFOLK KARL STEFAN AP , 41.9856 , -97.4353 ,  , NE , United States
USW00014942 , OMAHA EPPLEY AIRFIELD , 41.3103 , -95.8992 , Omaha , NE , United States
USW00014943 , SIOUX CITY GATEWAY AP , 42.3914 , -96.3792 , Sergeant Bluff , IA , United States
USW00014944 , SIOUX FALLS , 43.5878 , -96.7289 , Sioux Falls , SD , United States
USW00014946 , WATERTOWN RGNL AP , 44.9047 , -97.1494 , Watertown , SD , United States
USW00014950 , OTTUMWA INDUSTRIAL AP , 41.1078 , -92.4467 , Ottumwa , IA , United States
USW00014990 , CEDAR RAPIDS MUNI AP , 41.8833 , -91.7167 , Cedar Rapids , IA , United States
USW00014991 , EAU CLAIRE RGNL AP , 44.8664 , -91.4878 , Eau Claire , WI , United States
USW00014992 , REDWOOD FALLS MUNI AP , 44.5483 , -95.0803 , Redwood Falls , MN , United States
USW00014995 , GRANTSBURG , 45.7728 , -92.6886 , Grantsburg , WI , United States
USW00021504 , HILO INTL AP , 19.7192 , -155.0531 , Hilo , HI , United States
USW00022010 , DEL RIO INTL AP , 29.3783 , -100.9269 , Del Rio , TX , United States
USW00022516 , KAHULUI AP , 20.8997 , -156.4286 , Kahului , HI , United States
USW00022519 , KANEOHE BAY MCAS , 21.45 , -157.7833 , Kailua , HI , United States
USW00022521 , HONOLULU INTL AP , 21.3239 , -157.9294 , Honolulu , HI , United States
USW00022534 , MOLOKAI AP , 21.1544 , -157.0961 , Kaunakakai , HI , United States
USW00022536 , LIHUE WSO AP 1020.1 , 21.9839 , -159.3405 , Lhue , HI , United States
USW00023007 , CHILDRESS MUNI AP , 34.4272 , -100.2831 , Childress , TX , United States
USW00023009 , ROSWELL IND AIR PK , 33.3075 , -104.5083 , Roswell , NM , United States
USW00023023 , MIDLAND ODESSA , 31.9433 , -102.1889 , Midland , TX , United States
USW00023034 , SAN ANGELO , 31.3711 , -100.4922 , San Angelo , TX , United States
USW00023040 , WINKLER CO AP , 31.78 , -103.2017 , Wink , TX , United States
USW00023041 , BIG SPRING , 32.2442 , -101.4536 , Big Spring , TX , United States
USW00023042 , LUBBOCK , 33.6542 , -101.8136 , Lubbock , TX , United States
USW00023044 , EL PASO INTL AP , 31.8111 , -106.3758 , El Paso , TX , United States
USW00023047 , AMARILLO , 35.2333 , -101.7089 , Amarillo , TX , United States
USW00023048 , TUCUMCARI MUNI AP , 35.1822 , -103.6031 , Tucumcari , NM , United States
USW00023050 , ALBUQUERQUE INTL AP , 35.0419 , -106.6156 , Albuquerque , NM , United States
USW00023051 , CLAYTON MUNI AIR PK , 36.4486 , -103.1539 , Clayton , NM , United States
USW00023052 , RATON MUNI CREWS AP , 36.7414 , -104.5022 , Raton , NM , United States
USW00023054 , LAS VEGAS MUNI AP , 35.6542 , -105.1419 , Las Vegas , NM , United States
USW00023061 , ALAMOSA SAN LUIS AP , 37.4389 , -105.8614 , Alamosa , CO , United States
USW00023062 , DENVER-STAPLETON , 39.7633 , -104.8694 , Denver , CO , United States
USW00023063 , EAGLE FAA AP , 39.65 , -106.9167 , Gypsum , CO , United States
USW00023064 , GARDEN CITY RGNL AP , 37.9272 , -100.7247 , Garden City , KS , United States
USW00023065 , GOODLAND , 39.3669 , -101.7 , Goodland , KS , United States
USW00023066 , GRAND JUNCTION WALKER FLD , 39.1342 , -108.54 , Grand Junction , CO , United States
USW00023067 , LA JUNTA MUNI AP , 38.0494 , -103.5122 , La Junta , CO , United States
USW00023070 , TRINIDAD PERRY STOKES AP , 37.2622 , -104.3378 , Trinidad , CO , United States
USW00023072 , CLARENDON , 34.9325 , -100.8903 , Clarendon , TX , United States
USW00023090 , FARMINGTON RGNL AP , 36.7436 , -108.2292 , Farmington , NM , United States
USW00023129 , LONG BEACH DAUGHERTY FLD , 33.8117 , -118.1464 , Long Beach , CA , United States
USW00023136 , CAMARILLO AP , 34.2167 , -119.0833 , Camarillo , CA , United States
USW00023153 , TONOPAH , 38.0511 , -117.0903 , Tonopah , NV , United States
USW00023154 , ELY YELLAND FLD AP , 39.2953 , -114.8467 , Ely , NV , United States
USW00023155 , BAKERSFIELD AP , 35.4344 , -119.0542 , Bakersfield , CA , United States
USW00023157 , BISHOP AP , 37.3711 , -118.3581 , Bishop , CA , United States
USW00023158 , BLYTHE AP , 33.6186 , -114.7142 , Blythe , CA , United States
USW00023159 , BRYCE CANYON AP , 37.7064 , -112.1456 ,  , UT , United States
USW00023160 , TUCSON INTL AP , 32.1314 , -110.9553 , Tucson , AZ , United States
USW00023161 , BARSTOW DAGGETT AP , 34.8536 , -116.7858 , Newberry Springs , CA , United States
USW00023162 , DELTA , 39.3375 , -112.5858 , Delta , UT , United States
USW00023169 , LAS VEGAS MCCARRAN AP , 36.0719 , -115.1633 , Las Vegas , NV , United States
USW00023174 , LOS ANGELES INTL AP , 33.9381 , -118.3889 , Los Angeles , CA , United States
USW00023179 , NEEDLES AP , 34.7675 , -114.6189 , Needles , CA , United States
USW00023182 , PALMDALE AP , 34.6294 , -118.0836 , Palmdale , CA , United States
USW00023183 , PHOENIX SKY HARBOR INTL AP , 33.4278 , -112.0039 , Phoenix , AZ , United States
USW00023184 , PRESCOTT LOVE FLD , 34.6517 , -112.4208 , Prescott , AZ , United States
USW00023185 , RENO TAHOE INTL AP , 39.4839 , -119.7711 , Reno , NV , United States
USW00023187 , SANDBERG , 34.7436 , -118.7242 , Gorman , CA , United States
USW00023188 , SAN DIEGO LINDBERGH FLD , 32.7336 , -117.1831 , San Diego , CA , United States
USW00023190 , SANTA BARBARA MUNI AP , 34.4258 , -119.8425 , Santa Barbara , CA , United States
USW00023194 , WINSLOW MUNI AP , 35.0281 , -110.7208 , Winslow , AZ , United States
USW00023225 , BLUE CANYON AP , 39.2775 , -120.7103 , Alta , CA , United States
USW00023230 , OAKLAND METRO INTL AP , 37.7214 , -122.2208 , Oakland , CA , United States
USW00023232 , SACRAMENTO EXECUTIVE AP , 38.5069 , -121.495 , Sacramento , CA , United States
USW00023233 , SALINAS MUNICIPAL AP , 36.6636 , -121.6081 , Salinas , CA , United States
USW00023234 , SAN FRANCISCO INTL AP , 37.6197 , -122.3647 , San Francisco , CA , United States
USW00023237 , STOCKTON METRO AP , 37.8892 , -121.2258 , Acampo , CA , United States
USW00023244 , MOFFETT FEDERAL AIRFIELD , 37.4058 , -122.0481 , Mountain View , CA , United States
USW00023258 , MODESTO CITY CO AP , 37.6242 , -120.9506 , Modesto , CA , United States
USW00023271 , SACRAMENTO 5 ESE , 38.5556 , -121.4169 , Sacramento , CA , United States
USW00023272 , SAN FRANCISCO DWTN , 37.7706 , -122.4269 , San Francisco , CA , United States
USW00023273 , SANTA MARIA PUBLIC AP , 34.8994 , -120.4486 , Santa Maria , CA , United States
USW00024011 , BISMARCK , 46.7708 , -100.7603 , Bismarck , ND , United States
USW00024012 , THEODORE ROOSEVELT AP , 46.7994 , -102.7972 , Dickinson , ND , United States
USW00024013 , MINOT INTL AP , 48.2553 , -101.2733 , Minot , ND , United States
USW00024015 , AKRON WASHINGTON CO AP , 40.1667 , -103.2167 , Akron , CO , United States
USW00024018 , CHEYENNE , 41.1519 , -104.8061 , Cheyenne , WY , United States
USW00024020 , HAYES CENTER 1NW , 40.5233 , -101.0344 , Hayes Center , NE , United States
USW00024021 , LANDER HUNT FLD AP , 42.8153 , -108.7261 , Lander , WY , United States
USW00024022 , LARAMIE RGNL AP , 41.3119 , -105.6747 , Laramie , WY , United States
USW00024023 , NORTH PLATTE RGNL AP , 41.1214 , -100.6694 , North Platte , NE , United States
USW00024024 , PHILIP AP , 44.0511 , -101.6011 , Philip , SD , United States
USW00024025 , PIERRE RGNL AP , 44.3814 , -100.2856 , Pierre , SD , United States
USW00024027 , ROCK SPRINGS AP , 41.5944 , -109.0528 , Rock Springs , WY , United States
USW00024028 , SCOTTSBLUFF HEILIG AP , 41.8706 , -103.5931 , Scottsbluff , NE , United States
USW00024029 , SHERIDAN CO AP , 44.7694 , -106.9689 , Sheridan , WY , United States
USW00024030 , SIDNEY MUNI AP , 41.1014 , -102.9847 , Sidney , NE , United States
USW00024032 , VALENTINE MILLER FLD , 42.8783 , -100.55 , Valentine , NE , United States
USW00024033 , BILLINGS LOGAN INTL AP , 45.8069 , -108.5422 , Billings , MT , United States
USW00024036 , LEWISTOWN MUNI AP , 47.0492 , -109.4578 , Lewistown , MT , United States
USW00024037 , MILES CITY F WILEY FLD , 46.4267 , -105.8825 , Miles City , MT , United States
USW00024057 , RAWLINS MUNI AP , 41.8056 , -107.1997 , Rawlins , WY , United States
USW00024089 , CASPER NATRONA CO AP , 42.8975 , -106.4636 , Casper , WY , United States
USW00024090 , RAPID CITY RGNL AP , 44.0433 , -103.0536 , Rapid City , SD , United States
USW00024091 , IMPERIAL MUNI AP , 40.51 , -101.62 , Imperial , NE , United States
USW00024110 , MOSES LAKE GRANT CO AP , 47.2078 , -119.3192 , Moses Lake , WA , United States
USW00024119 , BATTLE MOUNTAIN 4SE , 40.6117 , -116.8917 , Battle Mountain , NV , United States
USW00024121 , ELKO RGNL AP , 40.8289 , -115.7886 , Elko , NV , United States
USW00024127 , SALT LAKE CITY INTL AP , 40.7781 , -111.9694 , Salt Lake City , UT , United States
USW00024128 , WINNEMUCCA MUNI AP , 40.9017 , -117.8081 , Winnemucca , NV , United States
USW00024130 , BAKER CITY MUNI AP , 44.8428 , -117.8086 , Baker City , OR , United States
USW00024131 , BOISE AIR TERMINAL , 43.5667 , -116.2406 , Boise , ID , United States
USW00024132 , BOZEMAN GALLATIN FLD , 45.7881 , -111.1608 , Belgrade , MT , United States
USW00024133 , BURLEY MUNI AP , 42.5417 , -113.7661 , Burley , ID , United States
USW00024135 , BUTTE BERT MOONEY AP , 45.9647 , -112.5006 , Butte , MT , United States
USW00024137 , CUT BANK MUNI AP , 48.6033 , -112.3753 , Cut Bank , MT , United States
USW00024138 , DILLON AP , 45.2575 , -112.5545 , Dillon , MT , United States
USW00024141 , EPHRATA MUNI AP , 47.3078 , -119.5153 , Ephrata , WA , United States
USW00024143 , GREAT FALLS INTL AP , 47.4733 , -111.3822 , Great Falls , MT , United States
USW00024144 , HELENA RGNL AP , 46.6056 , -111.9636 , Helena , MT , United States
USW00024145 , IDAHO FALLS FANNING FLD , 43.5164 , -112.0672 , Idaho Falls , ID , United States
USW00024149 , LEWISTON NEZ PERCE CO AP , 46.3747 , -117.0156 , Lewiston , ID , United States
USW00024150 , LIVINGSTON MISSION FLD , 45.6983 , -110.4408 , Livingston , MT , United States
USW00024151 , MALAD CITY , 42.1492 , -112.2872 , Malad City , ID , United States
USW00024152 , MEACHAM , 45.5114 , -118.4247 , Meacham , OR , United States
USW00024153 , MISSOULA INTL AP , 46.9208 , -114.0925 , Missoula , MT , United States
USW00024155 , PENDLETON , 45.6906 , -118.8528 , Pendleton , OR , United States
USW00024156 , POCATELLO RGNL AP , 42.9203 , -112.5711 , Pocatello , ID , United States
USW00024157 , SPOKANE INTL AP , 47.6217 , -117.5281 , Spokane , WA , United States
USW00024159 , SUPERIOR , 47.1928 , -114.8903 , Superior , MT , United States
USW00024160 , WALLA WALLA RGNL AP , 46.0947 , -118.2869 , Walla Walla , WA , United States
USW00024164 , BIG PINEY MARBLETON AP , 42.5844 , -110.1075 , Big Piney , WY , United States
USW00024172 , LOVELOCK DERBY FLD , 40.0681 , -118.5692 , Lovelock , NV , United States
USW00024193 , WENDOVER AP AWOS , 40.7206 , -114.0358 , Wendover , UT , United States
USW00024213 , EUREKA WFO WOODLEY ISLAND , 40.8097 , -124.1603 , Eureka , CA , United States
USW00024216 , RED BLUFF MUNI AP , 40.1519 , -122.2536 , Red Bluff , CA , United States
USW00024217 , BELLINGHAM INTL AP , 48.7939 , -122.5372 , Bellingham , WA , United States
USW00024219 , THE DALLES MUNI AP , 45.6194 , -121.1661 , Dallesport , WA , United States
USW00024221 , EUGENE MAHLON SWEET AP , 44.1278 , -123.2206 , Eugene , OR , United States
USW00024225 , MEDFORD ROGUE VLY AP , 42.3811 , -122.8722 , Central Point , OR , United States
USW00024227 , OLYMPIA AP , 46.9733 , -122.9033 , Olympia , WA , United States
USW00024229 , PORTLAND INTL AP , 45.5908 , -122.6003 , Portland , OR , United States
USW00024230 , REDMOND ROBERTS FLD , 44.2558 , -121.1392 , Redmond , OR , United States
USW00024232 , SALEM MCNARY FLD , 44.905 , -123.0011 , Salem , OR , United States
USW00024233 , SEATTLE TACOMA INTL AP , 47.4444 , -122.3139 , SeaTac , WA , United States
USW00024235 , SEXTON SUMMIT , 42.6003 , -123.3642 , Grants Pass , OR , United States
USW00024237 , STAMPEDE PASS , 47.2767 , -121.3372 , Easton , WA , United States
USW00024243 , YAKIMA AIR TERMINAL , 46.5683 , -120.5428 , Yakima , WA , United States
USW00024255 , WHIDBEY ISLAND NAS , 48.35 , -122.6667 , Oak Harbor , WA , United States
USW00024284 , NORTH BEND RGNL AP , 43.4133 , -124.2436 , North Bend , OR , United States
USW00025308 , ANNETTE ISLAND AP , 55.0389 , -131.5786 , Metlakatla , AK , United States
USW00025309 , JUNEAU INTL AP , 58.3567 , -134.5639 , Juneau , AK , United States
USW00025322 , GUSTAVUS , 58.4111 , -135.7089 , Gustavus , AK , United States
USW00025325 , KETCHIKAN INTL AP , 55.3567 , -131.7117 , Ketchikan , AK , United States
USW00025329 , PETERSBURG 1 , 56.8056 , -132.9372 , Petersburg , AK , United States
USW00025333 , SITKA AIRPORT , 57.0481 , -135.3647 , Sitka , AK , United States
USW00025339 , YAKUTAT STATE AP , 59.5119 , -139.6711 , Yakutat , AK , United States
USW00025501 , KODIAK AP , 57.7511 , -152.4856 , Kodiak , AK , United States
USW00025503 , KING SALMON , 58.6794 , -156.6294 , King Salmon , AK , United States
USW00025506 , ILIAMNA AP , 59.7494 , -154.9089 , Iliamna , AK , United States
USW00025507 , HOMER AP , 59.6419 , -151.4908 , Homer , AK , United States
USW00025624 , COLD BAY AP , 55.2208 , -162.7325 , Cold Bay , AK , United States
USW00025713 , ST PAUL ISLAND AP , 57.1553 , -170.2222 , Saint Paul , AK , United States
USW00026409 , ANCHORAGE MERRILL FLD , 61.2169 , -149.855 , Anchorage , AK , United States
USW00026410 , CORDOVA M K SMITH AP , 60.4889 , -145.4511 , Cordova , AK , United States
USW00026411 , FAIRBANKS INTL AP , 64.8039 , -147.8761 , Fairbanks , AK , United States
USW00026412 , NORTHWAY AP , 62.9614 , -141.9292 , Northway , AK , United States
USW00026415 , BIG DELTA AP , 63.9944 , -145.7214 , Fort Greely , AK , United States
USW00026425 , GULKANA AP , 62.1592 , -145.4589 , Glennallen , AK , United States
USW00026435 , NENANA MUNI AP , 64.55 , -149.0717 , Nenana , AK , United States
USW00026438 , SEWARD AP , 60.1283 , -149.4167 , Seward , AK , United States
USW00026442 , VALDEZ WSO , 61.1303 , -146.3517 , Valdez , AK , United States
USW00026451 , ANCHORAGE INTL AP , 61.1689 , -150.0278 , Anchorage , AK , United States
USW00026510 , MCGRATH AP , 62.9575 , -155.6103 , McGrath , AK , United States
USW00026514 , SKWENTNA , 61.9772 , -151.2169 , Skwentna , AK , United States
USW00026523 , KENAI MUNI AP , 60.5797 , -151.2392 , Kenai , AK , United States
USW00026528 , TALKEETNA AP , 62.32 , -150.095 , Talkeetna , AK , United States
USW00026529 , TANANA CALHOUN MEM AP , 65.1744 , -152.1069 , Tanana , AK , United States
USW00026533 , BETTLES AP , 66.9161 , -151.5089 , Bettles , AK , United States
USW00026615 , BETHEL AP , 60.785 , -161.8292 , Bethel , AK , United States
USW00026616 , KOTZEBUE RALPH WEIN AP , 66.8667 , -162.6333 , Kotzebue , AK , United States
USW00026617 , NOME MUNI AP , 64.5111 , -165.44 , Nome , AK , United States
USW00027502 , BARROW POST ROGERS AP , 71.2833 , -156.7814 , Barrow , AK , United States
USW00053919 , MONTICELLO MUNI AP , 33.6361 , -91.7556 , Monticello , AR , United States
USW00092806 , ST PETERSBURG AP , 27.7628 , -82.6261 , Saint Petersburg , FL , United States
USW00092811 , MIAMI BEACH , 25.8064 , -80.1336 , Miami Beach , FL , United States
USW00093009 , LEADVILLE LAKE CO AP , 39.2292 , -106.3169 , Leadville , CO , United States
USW00093010 , LIMON WSMO , 39.1894 , -103.7158 , Limon , CO , United States
USW00093026 , DOUGLAS BISBEE INL AP , 31.4583 , -109.6061 , Mc Neal , AZ , United States
USW00093033 , CARLSBAD CAVERN CITY AP , 32.3336 , -104.2581 , Carlsbad , NM , United States
USW00093037 , COLORADO SPRINGS MUNI AP , 38.81 , -104.6883 , Colorado Springs , CO , United States
USW00093042 , DALHART MUNI AP , 36.0167 , -102.55 , Dalhart , TX , United States
USW00093044 , ZUNI , 35.0706 , -108.8389 , Zuni , NM , United States
USW00093045 , TRUTH OR CONSEQUENCE AP , 33.2367 , -107.2681 , Elephant Butte , NM , United States
USW00093057 , GRANTS MILAN MUNI AP , 35.1664 , -107.8992 , Milan , NM , United States
USW00093058 , PUEBLO MEM AP , 38.29 , -104.4983 , Pueblo , CO , United States
USW00093102 , FALLON NAAS , 39.4167 , -118.7167 , Fallon , NV , United States
USW00093104 , CHINA LAKE NAF , 35.6875 , -117.6931 , Ridgecrest , CA , United States
USW00093107 , SAN DIEGO MIRAMAR NAS , 32.8667 , -117.1333 , San Diego , CA , United States
USW00093111 , POINT MUGU NF , 34.1167 , -119.1167 , Oxnard , CA , United States
USW00093112 , NORTH ISLAND NAS , 32.7 , -117.2 , Coronado , CA , United States
USW00093115 , IMPERIAL BEACH REAM FLD NAS , 32.5667 , -117.1167 , Imperial Beach , CA , United States
USW00093129 , CEDAR CITY MUNI AP , 37.7086 , -113.0944 , Cedar City , UT , United States
USW00093134 , LOS ANGELES DWTN USC CAMPUS , 34.0511 , -118.2353 , Los Angeles , CA , United States
USW00093139 , PAYSON , 34.2325 , -111.3447 , Payson , AZ , United States
USW00093193 , FRESNO YOSEMITE INTL AP , 36.78 , -119.7194 , Fresno , CA , United States
USW00093209 , PASO ROBLES MUNI AP , 35.6697 , -120.6283 , Paso Robles , CA , United States
USW00093719 , NEW BERN CRAVEN CO AP , 35.0678 , -77.0481 , New Bern , NC , United States
USW00093720 , SALISBURY WICOMICO RGNL AP , 38.3406 , -75.5103 , Salisbury , MD , United States
USW00093721 , BALTIMORE WASH INTL AP , 39.1667 , -76.6833 , Baltimore , MD , United States
USW00093727 , NEW RIVER MCAF , 34.7 , -77.3833 , Camp Lejeune , NC , United States
USW00093729 , CAPE HATTERAS AP , 35.2325 , -75.6219 , Buxton , NC , United States
USW00093730 , ATLANTIC CITY INTL AP , 39.4494 , -74.5672 , Egg Harbor City , NJ , United States
USW00093801 , ROME R B RUSSELL AP , 34.3478 , -85.1611 , Rome , GA , United States
USW00093805 , TALLAHASSEE , 30.3975 , -84.3289 , Tallahassee , FL , United States
USW00093806 , TUSCALOOSA MUNI AP , 33.2119 , -87.6161 , Tuscaloosa , AL , United States
USW00093807 , WINSTON SALEM RYNLDS AP , 36.1336 , -80.2222 , Winston-Salem , NC , United States
USW00093808 , BOWLING GREEN WARREN CO AP , 36.9647 , -86.4239 , Bowling Green , KY , United States
USW00093809 , CAIRO 3N , 37.0422 , -89.1856 , Cairo , IL , United States
USW00093812 , CINCINNATI LUNKEN AP , 39.1033 , -84.4189 , Cincinnati , OH , United States
USW00093814 , CINCINNATI NORTHERN KY AP , 39.0431 , -84.6717 , Burlington , KY , United States
USW00093815 , DAYTON INTL AP , 39.9061 , -84.2186 , Vandalia , OH , United States
USW00093817 , EVANSVILLE REGIONAL AP , 38.0442 , -87.5206 , Evansville , IN , United States
USW00093819 , INDIANAPOLIS , 39.7075 , -86.2803 , Indianapolis , IN , United States
USW00093820 , LEXINGTON BLUEGRASS AP , 38.0408 , -84.6058 , Lexington , KY , United States
USW00093821 , LOUISVILLE INTL AP , 38.1811 , -85.7392 , Louisville , KY , United States
USW00093822 , SPRINGFIELD CAPITAL AP , 39.8447 , -89.6839 , Springfield , IL , United States
USW00093824 , ZANESVILLE MUNI AP , 39.9444 , -81.8922 , Zanesville , OH , United States
USW00093831 , BEAUFORT MCAS , 32.4833 , -80.7167 , Beaufort , SC , United States
USW00093837 , JACKSONVILLE NAS , 30.2333 , -81.6667 , Jacksonville , FL , United States
USW00093841 , WHITING FLD NAS , 30.7167 , -87.0167 , Milton , FL , United States
USW00093842 , COLUMBUS METRO AP , 32.5161 , -84.9422 , Columbus , GA , United States
USW00093846 , ANDERSON CO AP , 34.4978 , -82.7097 , Anderson , SC , United States
USW00093909 , OLATHE JOHNSON CO AP , 38.8317 , -94.8897 ,  , KS , United States
USW00093914 , PALESTINE 2 NE , 31.7831 , -95.6039 , Palestine , TX , United States
USW00093919 , MCCOMB/PIKE CO/JOHN E LEWIS AP , 31.1828 , -90.4708 , McComb , MS , United States
USW00093950 , MCALESTER RGNL AP , 34.8822 , -95.7831 , McAlester , OK , United States
USW00093985 , MINERAL WELLS AP , 32.7817 , -98.0603 , Mineral Wells , TX , United States
USW00093986 , HOBART MUNI AP , 34.9894 , -99.0525 , Hobart , OK , United States
USW00093987 , LUFKIN ANGELINA CO AP , 31.2361 , -94.7544 , Burke , TX , United States
USW00093988 , PINE BLUFF GRIDER FLD , 34.175 , -91.9347 , Pine Bluff , AR , United States
USW00093989 , QUINCY RGNL AP , 39.9369 , -91.1919 , Quincy , IL , United States
USW00093990 , HILL CITY MUNI AP , 39.3756 , -99.8297 , Hill City , KS , United States
USW00093992 , EL DORADO S AR RGNL AP , 33.2208 , -92.8142 , El Dorado , AR , United States
USW00093993 , FAYETTEVILLE DRAKE FLD , 36.0097 , -94.1694 , Fayetteville , AR , United States
USW00093997 , RUSSELL MUNI AP , 38.8761 , -98.8092 , Russell , KS , United States
USW00094008 , GLASGOW INTL AP , 48.2138 , -106.6213 , Glasgow , MT , United States
USW00094014 , WILLISTON SLOULIN INTL AP , 48.1739 , -103.6367 , Williston , ND , United States
USW00094143 , IDAHO FALLS 46 W , 43.5317 , -112.9422 ,  , ID , United States
USW00094197 , OMAK AP , 48.4608 , -119.5167 , Omak , WA , United States
USW00094224 , ASTORIA RGNL AP , 46.1569 , -123.8825 , Warrenton , OR , United States
USW00094225 , HOQUIAM BOWERMAN AP , 46.9728 , -123.9303 , Hoquiam , WA , United States
USW00094236 , KLAMATH FALLS INTL AP , 42.1469 , -121.7242 , Klamath Falls , OR , United States
USW00094239 , WENATCHEE PANGBORN AP , 47.3978 , -120.2014 , East Wenatchee , WA , United States
USW00094702 , BRIDGEPORT SIKORSKY MEM AP , 41.1583 , -73.1289 , Stratford , CT , United States
USW00094705 , BARRE MONTPELIER AP , 44.2033 , -72.5794 , Berlin , VT , United States
USW00094725 , MASSENA INTL AP , 44.9358 , -74.8458 , Massena , NY , United States
USW00094728 , NEW YORK CNTRL PK TWR , 40.7789 , -73.9692 , New York , NY , United States
USW00094745 , WESTCHESTER CO AP , 41.0669 , -73.7075 , Rye Brook , NY , United States
USW00094746 , WORCESTER RGNL AP , 42.2706 , -71.8731 , Worcester , MA , United States
USW00094789 , NEW YORK JFK INTL AP , 40.6386 , -73.7622 ,  , NY , United States
USW00094790 , WATERTOWN INTL AP , 43.9922 , -76.0217 , Dexter , NY , United States
USW00094822 , ROCKFORD GTR ROCKFORD AP , 42.1928 , -89.0931 , Rockford , IL , United States
USW00094823 , PITTSBURGH INTL AP , 40.4847 , -80.2144 , Moon , PA , United States
USW00094830 , TOLEDO EXPRESS AP , 41.5886 , -83.8014 , Swanton , OH , United States
USW00094846 , CHICAGO OHARE INTL AP , 41.995 , -87.9336 , Chicago , IL , United States
USW00094847 , DETROIT METRO AP , 42.2314 , -83.3308 , Detroit , MI , United States
USW00094849 , ALPENA CO RGNL AP , 45.0717 , -83.5644 , Alpena , MI , United States
USW00094850 , MARQUETTE , 46.5311 , -87.5483 , Negaunee , MI , United States
USW00094908 , DUBUQUE RGNL AP , 42.3978 , -90.7036 , Dubuque , IA , United States
USW00094910 , WATERLOO MUNI AP , 42.5544 , -92.4011 , Waterloo , IA , United States
USW00094911 , YANKTON 2 E , 42.8783 , -97.3633 , Yankton , SD , United States
USW00094957 , FALLS CITY BRENNER FLD , 40.0803 , -95.5919 , Falls City , NE , United States
USW00094967 , PARK RAPIDS MUNI AP , 46.9006 , -95.0678 , Park Rapids , MN , United States
VQW00011624 , CHRISTIANSTED AP , 17.7028 , -64.8056 , Christiansted , St Croix , U.S. Virgin Islands
VQW00011640 , CHARLOTTE AMALIE AP , 18.3331 , -64.9667 , Charlotte Amalie West , St Thomas , U.S. Virgin Islands
